link,text,user,likes,retweets,comments,Extracted_Info
https://twitter.com/Hanii_tales/status/1840070919257239709#m,People are putting up a strong resistance in Rawalpindi. PTI workers still continue to clash with the police around Liaquat Bagh and Murree Road. These brave workers have been holding their ground against the oppressive police forces since noon.,Khan Saab,503,149,3,"Here are the extracted information:

* Area: Rawalpindi, specifically around Liaquat Bagh and Murree Road
* Safety issue: Clashes between PTI workers and police forces
* Severity: High (since it involves clashes and likely physical violence)"
https://twitter.com/riazghafur/status/1841065333500559382#m,Compassion in Action; a traffic policeman assisting an elderly man while ensuring smooth traffic flow on a busy road in Peshawar.  #rgviews #kppolice @KP_Police1,Riaz Ghafur,0,0,0,"Here are the extracted information:

* Area: Peshawar
* Safety Issue: None (no clear safety issue mentioned)
* Severity: Low (as it's related to traffic congestion, which is considered a minor issue)

Note: Since there is no clear safety issue mentioned in the tweet, I marked it as irrelevant. The presence of a traffic policeman assisting an elderly man does not necessarily indicate a safety issue. The tweet highlights a positive act of compassion and effective traffic management, rather than a safety concern."
https://twitter.com/Anonymous469437/status/1840705329744498817#m,Mai Peshawar se nhi hu lekn muje pta hai.. firdos chowk hai.. samny ashraf road,Anonymous ❤️,0,0,0,"After analyzing the tweet, here are the extracted information:

Area: Firdos Chowk
Safety Issue: Unspecified, but appears to be a reference to a location
Severity: Inconclusive/Relevant

Since the tweet mentions a location (Firdos Chowk) and doesn't provide specific information about a safety issue, it appears to be a general locational reference. Without further context, it's difficult to determine the safety issue or its severity."
https://twitter.com/thebeekeeper23/status/1840450155998593077#m,Khaadi Arbab Road Peshawar.... 🙂,Black Burn,1,0,0,"There is no area, safety issue, or severity mentioned in this tweet. The tweet appears to be a simply a geographical reference to a location in Peshawar, with a smiling face emoji indicating a lighthearted or casual tone. Therefore, I would mark it as irrelevant."
https://twitter.com/saddam_hashmii/status/1840419807927111964#m,Dear concern Team 🚨 She belongs to Hassan garhi - Peshawar.  12 years back she was working in our School.  I am in UAE - but i don’t have a contact number of any one. Please contact any PTI Member of Hassan Garhi - Canal Road - Peshawar.,saddam hashim,0,0,1,"Here are the extracted information:

* Area: Hassan Garhi, Peshawar
* Safety issue: Unspecified, but appears to be related to a person's whereabouts and lack of contact information in an emergency
* Severity: Low (since there is no clear safety issue, and no mention of an accident, fire, or roadblock)"
https://twitter.com/koolkopper/status/1840292824694014435#m,The antenna of the Radio Pakistan relay station on the GT Road used to be our standard of reaching #Peshawar while coming from Pindi as kids. The building & the antenna used to be visible from quite a distance. It is now lost in buildings & huge urbanization around the city.,Abdul Majeed Khan Marwat,10,1,2,"Here's the extraction:

**Area:** GT Road (specifically the Radio Pakistan relay station)

**Safety Issue:** None (relevant)

**Severity:** N/A (since there is no safety issue)"
https://twitter.com/YahyaAkhund/status/1840103832891580556#m,M way band hay abhi tak ISB say Peshawar GT Road be band hay,YAHYA AKHUND,0,0,0,"Here is what I extracted from the tweet:

**Area:** M Way (likely referring to a specific road or highway in Pakistan, GT Road)

**Safety Issue:** Road closure (blockage) of GT Road between ISB (Islamabad) and Peshawar, possibly due to an accident, maintenance, or some other obstruction.

**Severity:** Medium-Low (since it's a road closure affecting the flow of traffic, but not necessarily a critical safety issue like an accident or fire)"
https://twitter.com/Gjunaab/status/1840047882201711044#m,"Good job, announce protest every week and have a road trip from Peshawar to Punjab. They will do your job in panic  #خان_کی_كال_حاضر_عوام",KeenListner,0,0,0,"Here are the extracted information:

**Area:** Pakistan (specifically, Peshawar and Punjab)

**Safety Issue:** Road trip and protest, which may lead to congestion and potential risks on the road (medium severity)

**Severity:** Medium (as it's a potential risk of traffic congestion and accidents on the road)"
https://twitter.com/manahil__saleem/status/1840047445998199240#m,Do you have any prior information about road blockages for tomorrow.? As I have to travel from Rawalpindi to Peshawar tomorrow.,Manahil Saleem,1,0,2,"Area: Rawalpindi to Peshawar (a specific geographical location)

Safety issue: Road blockage (could be due to various reasons such as construction, accident, maintenance, etc.)

Severity: Low (assuming the issue is related to traffic or congestion and not an accident or other serious incident)"
https://twitter.com/Shumaila422422/status/1840028550583169318#m,Things got too wild so I'm bak to Peshawar Road,Shumaila Nasir Satti,0,0,1,"Here are the extracted details:

* **Area**: Peshawar Road
* **Safety issue**: No clear safety issue, but it can be inferred that the author is returning to Peshawar Road due to ""things getting too wild"", which could imply a chaotic or risky situation.
* **Severity**: Irrelevant (since there is no specific safety issue or hazard mentioned)"
https://twitter.com/MaleehaHashmey/status/1774756262896357541#m,"Order ""Kaptaan Signature Perfume"" by @MaaltaPK on maalta.pk & avail 15% Discount on our launch!  Note: This perfume is available for both, men & women.  In Peshawar, this perfume is available at Konjae, Al-Haaj Center, University Road, Peshawar.😍",Maleeha Hashmey,1596,250,167,"Here are the extracted information:

**Area:** Peshawar, University Road (specific location mentioned)

**Safety Issue:** None (the tweet appears to be a marketing promotion for a perfume, and does not mention any safety issue)

**Severity:** Irrelevant"
https://twitter.com/NusratBangash/status/1839359131263828077#m,"In the village Bagan of Lower #Kurram, locals burn down the house of their Sunni brother. His only crime was providing shelter to a Shia man of Upper Kurram #Parachinar bcz they stucked on main Parachinar Peshawar road. These people consider themselves to be good Muslims. Lanat",Nusrat Ali Bangash,2,5,1,"Here is the extracted information:

* Area: Lower Kurram, Parachinar
* Safety Issue: Fire (the house was burned down)
* Severity: High (due to the intentional destruction of a house and potential harm to people)"
https://twitter.com/sameesam0211/status/1839965453428670748#m,"Places s in this picture are DHA PHASE 1 ENTRANCE TO GT road (~ 10km away from liaqat Bagh) Rawalpindi road sultan Ka khu chowk (6-7 km away) Kachehri chowk ( 5 km away from liaqat Bagh) Faizabad fly over  (7-8 km away) Show Peshawar road, murree road, 6th road Loosers",sami. s,0,1,0,"* Area: The areas mentioned in this tweet are:
	+ DHA Phase 1, entrance to GT road
	+ Rawalpindi road, Sultan Ka Khu Chowk
	+ Kachehri Chowk
	+ Faizabad Flyover
	+ Peshawar road
	+ Murree road
	+ 6th road
	+ Loosers (not sure what this refers to)
* Safety Issue: The safety issue mentioned in this tweet is none. There is no mention of an accident, fire, or roadblock."
https://twitter.com/Ruftaj/status/1839961862495961259#m,"Traffic Situation Report Saturday 28 Sep , 2024  ROAD CLOSURE DETAIL  MEHRABD CIRCLE: Naka Chak Madad entry/exit closed Naka Carriage Factory, entry/exit closed. Margallah turn, entry/exit from general bus stand Pirwadhai, closed.  Naka Khayaban, entry/exit closed. Qasim Market Chowk from both sides, closed.     ADYALA SECTOR Kalma chows / Bakra Mandi chowk towards Dhoke Syedan closed. Chakri Interchange, entry/exit closed. Biscuit Factory chowk towards 22 No., Closed. Dhama Syedan from both sides, closed. Kalyal Stop towards Adyala jail closed  Gorakhpur towards Adyala jail closed   CIVIL LINE SECTOR Swan Bridge from both sides closed. Naka Gulzar e Quaid, old airport road, near Green Garage closed both sides   MURREE ROAD CIRCLE Jang Building U Turn in /out closed . Underpass Moti Mahal, closed. Waris khan both sides closed. Committee Chowk from all sides, closed  CITY CIRCLE Pull Gawalmandi from both sides, closed. DAV College Chowk from both sides, closed. Dhoke Ratta Pull from both sides, closed.  CANTT CIRCLE TM Chowk towards Haider Road , closed. Marir Chowk from all sides, closed. MH Chowk towards Qasim Market, closed.  NEW TOWN CIRCLE Faizabad, entry/exit closed. 9th Avenue, entry / exit closed. Murree Road near Shamsabad Metro station, closed. Dhoke Kala khan turn near Shamsabad, entry/exit closed. Pandora chungi, in /out closed. Naka Katarian, in / out closed. Commercial Market from 5th Road, entry/exit closed. Siddiqui Chowk at Saidpur Road from both sides, closed. Stadium Road , entry/exit closed. Khana Pull entry/exit , closed. ASF Gate, closed. Sadiqabad Chowk towards C-Block , closed. 8 No Chungi Chowk , Closed.  GT Road & Chek Beli Morr, entry/ exit closed. Daultala Mor GT Road Chakwal closed Chowk near Rawat, entry/ exit closed.  TAXILA Brahma Bater, entry /exit, closed. GT Road Taxila towards Rawalpindi , closed. Margala picket from both sides, closed. Taxila Chow’s, closed. Wah Garden, closed.  MOTORWAYS  M-1: OPEN M-2: OPEN",Naureen Ruftaj Khan,22,6,0,Here are the extracted information:
https://twitter.com/AAMSHEHRI2024/status/1839959768640749786#m,"1. T Chowk, junction of GT road and Islamabad express way. 2. Srinagar Highway, junction of Peshawar road, exit of Islamabad motorway. 3. Bharakahu, point of entry of new bypass. ان تینوں پوائنٹ پر دہرنا دے دیں، پھر دیکھیں رزلٹ، پنڈی اسلام آباد کے اندر جانے کی ضرورت ہی نہیں۔",🇵🇰عام شہری,0,0,0,"Here are the extracted information:

**Area:** 1. T Chowk, 2. Srinagar Highway, 3. Bharakahu (all in Islamabad)

**Safety Issue:** (It seems to be related to road infrastructure, not an accident or fire. Since it's about road junctions and entries, it can be marked as a **road congestion** issue. This would be a **low-severity** issue.)

**Severity:** Low"
https://twitter.com/YousafSaeedPTI/status/1839954867021889909#m,"Here's a concise update on the road situation:  Closed Routes towards Rawalpindi: Peshawar Road, 6th Road, Faizabad (on Murree Road) Golra Mor, Waris Khan, Pirwadhai, Marir Chowk, Adiala, Liaquat Bagh, Margalla road entry, T-Chowk (blocked both sides) Old Airport Road (both sides closed)  GT Road Closures: Peshawar to Islamabad/Rawalpindi blocked at Harro toll plaza, Hassan Abdal, Taxila, 26 No, Pirwadai Flyover  Jhelum towards Rawalpindi: Jhelum Bridge, Mandra, Gujar Khan, T-Chowk blocked.  Motorway Closures: Motorway M1 blocked at Burhan and Chach Interchange. However, M2 is open.",Yousaf Saeed,3,0,0,"Here are the extracted information:

**Area**: The affected areas are:

* Closed Routes towards Rawalpindi: various routes including Peshawar Road, 6th Road, Faizabad, Golra Mor, Waris Khan, Pirwadhai, Marir Chowk, Adiala, Liaquat Bagh, and Margalla road entry.
* GT Road Closures: Peshawar to Islamabad/Rawalpindi blocked at Harro toll plaza, Hassan Abdal, Taxila, 26 No, Pirwadai Flyover.
* Jhelum towards Rawalpindi: Jhelum Bridge, Mandra, Gujar Khan, T-Chowk blocked.
* Motorway Closures: Motorway M1 blocked at Burhan and Chach Interchange.

**Safety Issue**: The safety issue is the blocking of various roads, routes, and interchanges due to closures, which can cause inconvenience and discomfort to travelers.

**Severity**: Medium to High, as the closures can cause traffic congestion, delays, and difficulties for travelers. However, there is no mention of accidents, fires, or other incidents that could cause harm to people."
https://twitter.com/AAMSHEHRI2024/status/1839951242140737770#m,"1. T Chowk, junction of GT road and Islamabad express way. 2. Srinagar Highway, junction of Peshawar road, exit of Islamabad motorway. 3. Bharakahu, point of entry of new bypass. ان تینوں پوائنٹ پر دہرنا دے دیں، پھر دیکھیں رزلٹ۔",🇵🇰عام شہری,0,0,0,"Area: The area mentioned in the tweet is:

1. T Chowk, junction of GT road and Islamabad express way
2. Srinagar Highway, junction of Peshawar road, exit of Islamabad motorway
3. Bharakahu, point of entry of new bypass

Safety Issue: The safety issue mentioned in the tweet is not explicitly stated, but it appears to be a warning about potential hazards at the mentioned points. It could be related to accidents, roadblocks, or other incidents.

Severity: Since the tweet appears to be a warning about potential hazards, I would mark the severity as medium to high, as it could be related to a serious incident. However, without more information, it's difficult to determine the exact severity of the issue.

Note: If the tweet had said something like ""heavy traffic congestion"" or ""roadwork ahead"", I would mark the severity as low."
https://twitter.com/AAMSHEHRI2024/status/1839950196555255973#m,"1. T Chowk, junction of GT road and Islamabad express way. 2. Srinagar Highway, junction of Peshawar road. 3. Bharakahu, point of entry of new bypass. ان تینوں پوائنٹ پر دہرنا دے دیں، پھر دیکھیں رزلٹ۔",🇵🇰عام شہری,0,0,0,"Based on the tweet, I extract the following information:

**Area:**

* T Chowk, junction of GT road and Islamabad express way
* Srinagar Highway, junction of Peshawar road
* Bharakahu, point of entry of new bypass

**Safety Issue:**

* No specific safety issue mentioned, but it seems like a warning or alert to pay attention to these points, possibly related to traffic or congestion.

**Severity:**

* Since it's related to traffic or congestion, I mark the severity as **Low**.

Note that if there was a specific safety issue mentioned, such as an accident or fire, I would mark the severity accordingly. However, without a clear safety issue, I mark it as **Low**, assuming it's related to traffic or congestion."
https://twitter.com/abdulaahadd/status/1839922064787922965#m,"""Perks of living in #Pakistan "" So we decided to travel 1 hour by foot from #Motorway to Get road , hoping their are no containers 🤲 #Peshawar #Islamabad #Pti #Ptijalsa #rawalpindi",سید عبدالاحد شاہ,0,0,0,"Here are the extracted information:

**Area:** Pakistan, specifically Peshawar, Islamabad, and Rawalpindi

**Safety Issue:** Road safety issue (traveling 1 hour by foot on a road with no containers, implies a risk of accident or collision)

**Severity:** Medium (although there's no clear indication of a severe accident or incident, the situation is still potentially dangerous and could lead to an accident)"
https://twitter.com/wajidahamd/status/1839918647353192524#m,"PDA, under the leadership of sitting DG, started encroachment drive on ring road Peshawar vr almost the state land were grabbed illegal. a elected representative who is also owned property on this road is not ready to surrender these land, PDA has to remove all encroachment",Wajid Ahamd,0,0,0,"Here are the extracted information:

**Area:** Ring Road Peshawar, Pakistan

**Safety Issue:** None (no clear accident, fire, roadblock, or other incident mentioned)

**Severity:** Relevance (since there's no clear safety issue mentioned, I marked it as irrelevant)

Note that the tweet primarily reports an encroachment by PDA on state land, and there's no specific mention of a safety issue."
https://twitter.com/Ehtisham2746/status/1839906378963406925#m,Peshawar road pa bs containers hi han aj to,Ehtisham,0,0,0,"After analyzing the tweet, here are the extracted details:

* Area: [Not specified]
* Safety Issue: Potential road congestion/obstruction
* Severity: Low

The tweet mentions ""containers"" blocking the Peshawar road, which suggests a traffic congestion or obstruction issue, which is a relatively minor and common problem."
https://twitter.com/Burki_123/status/1839899740642644098#m,@NHMPofficial  please update on M1 peshawar and Hazara motorway about today's traffic. Is ghere any disturbance/blockade at road fue to pindi jalsa ?,Haji Rehman Burki,0,0,0,"Here are the extracted information:

**Area:** M1 Peshawar and Hazara motorway, approaching Pindi Jalsa

**Safety Issue:** Unclear/No clear safety issue mentioned

**Severity:** Low (related to traffic or congestion)

Note: The tweet does not mention a specific safety issue, but is asking about potential disturbances or blockades on the road due to the Pindi Jalsa event. If there is no incident or disturbance reported, it is considered a low-severity traffic-related issue."
https://twitter.com/Shehryar_Afridy/status/1839880329860940070#m,For the very first time I have seen empty stores even on the ground floor of city tower Main university road Peshawar. Businesses are no more due to fail policies and expensive electricity.,Shehryar Afridi,0,0,0,"Here are the extracted information:

**Area:** Main university road, Peshawar

**Safety Issue:** None (the tweet does not mention a specific safety issue, it's related to business failure due to policies)

**Severity:** Inapplicable (since there is no safety issue)"
https://twitter.com/rnk_tareen/status/1839832741195505787#m,Is road peshawar to haripur open today?,rabnawaz,0,0,0,"There is no area, safety issue, or severity mentioned in the tweet. The tweet is simply asking if the road from Peshawar to Haripur is open today, indicating a curiosity about the road's status rather than any specific issue. Therefore, I would mark it as:

* Area: N/A
* Safety issue: Irrelevant
* Severity: N/A"
https://twitter.com/inamkhattak60/status/1839830391060140515#m,Main petrol pumps on University Road in Peshawar all doing the same. No one accepts digital transactions,The Monash Guy,0,0,0,"Here are the extracted information:

* Area: University Road, Peshawar
* Safety issue: None (no specific incident or accident is mentioned)
* Severity: Irrelevant"
https://twitter.com/shaheryarhassan/status/1839678573008785457#m,#Motorway M1: Confirmed reported from people stuck on Motorway. Motorway from Peshawar towards Islamabad & Islamabad towards Peshawar is Jammed before Burhan for the past almost 2 hours as containers placement is taking place on both side but 1 lane is open only. GT Road KP to Isb & Both sides are expected to be closed. There is no updates by @NHMPofficial. People are requested to avoid.  Extra deployment at Attock side as well.  #Rawalpindi: Liaquat Bagh all access is closed by LEAS & are locked. Extra forces deployed on Murree Road.  📌 Reason: Protest call by PTI tomorrow 28/9/24. (JALSA WAS CALLED OFF & CONVERTED TO PROTEST)  #CAOTG #ChampAlertsOnTheGo,Shaheryar Hassan,10,2,3,"Here are the extracted information:

* **Area**: Motorway M1 (from Peshawar towards Islamabad and Islamabad towards Peshawar), GT Road KP to Islamabad, Liaquat Bagh (Rawalpindi), and Murree Road.
* **Safety Issue**: Containers placement causing traffic jam, potential road closure, and extra deployment of forces (due to protest call).
* **Severity**: Low (traffic congestion/jam)"
https://twitter.com/BrigAshfaqHasan/status/1839712304495280601#m,"A frustated friend of mine wrote:  Was coming from Peshawar to Rawalpindi. All roads including motorway, GT road, khanpur taxilla roads were closed by containers. Now heading towards Abbotabad to spend the night. Miles and miles of vehicles were stopped. Met a family who were going to Lahore to attend funeral of their mother. Another family was coming from Naran and going to Karachi. The worst thing is they closed the roads by using containers of containing perishable without paying them a penny. There is absolutely no guidance to common people either by police on site or highways helpline. The stranded people face an absolute chaos and frustration. I don’t know what types of dumb people propose such measures. It makes even the supporting people of government  enemies.  سیاست کریں لیکن لوگوں کے لئے مشکلات پیدا نہ کریں۔ یہ چیزیں مزید نفرت پہدا کرتی ھیں",Ashfaq Hassan,1,0,1,"Here are the extracted information:

**Area:** Pakistan (specifically, locations such as Peshawar, Rawalpindi, Abbottabad, Lahore, and Naran)

**Safety Issue:** Roadblock caused by containers along various roads (motorway, GT road, Khanpur Taxilla roads) without any clear guidance or support from authorities, potentially causing frustration and chaos among stranded people.

**Severity:** Medium to High. Although there is no specific mention of accidents or harm caused by the roadblocks, the frustration and chaos caused by the lack of guidance and support from authorities could lead to potential safety issues, such as increased risk of accidents or disorderly behavior."
https://twitter.com/DaudHameed13/status/1839683502561689723#m,Haji Akhtar Hameed taking a sip of Peshawari Kahawa (Green Tea) in the main street/road with some of the residents of his constituency NA-32 Peshawar Pakistan,Akhtar Hameed Official,1,0,0,"**Area:** Peshawar, Pakistan (specifically NA-32 constituency)

**Safety Issue:** None (no apparent safety issue mentioned in the tweet)

**Severity:** Relevance (since there is no apparent safety issue, it's marked as irrelevant)

No area of concern (traffic/congestion) related to severity is mentioned in this tweet."
https://twitter.com/shaheryarhassan/status/1839673120635920883#m,#Motorway M1: Motorway from Peshawar towards Islamabad & Islamabad towards Peshawar is Jammed before Burhan for the past almost 2 hours. There is no updates by @NHMPofficial. People are requested to avoid. GT road on both ways are clogged. #CAOTG #ChampAlertsOnTheGo,Shaheryar Hassan,12,1,3,"Here are the extracted information:

* Area: Motorway M1, specifically the sections from Peshawar to Islamabad and Islamabad to Peshawar, before Burhan.
* Safety issue: Congestion/jamming, which is not a safety issue in the classical sense, but rather a traffic-related issue.
* Severity: Low, since it's related to traffic congestion and not an accident, fire, or other sudden incident that could cause harm to people."
https://twitter.com/DaudHameed13/status/1839672599309091059#m,Haji Akhtar Hameed taking a sip of Peshawari Kahawa (Green Tea) in the main street/road with some of the residents of his constituency NA-32 Peshawar Pakistan,Akhtar Hameed Official,1,0,0,"Here are the extracted information:

* Area: Peshawar, Pakistan (specifically, the main street/road in NA-32 constituency)
* Safety Issue: None (no clear safety issue mentioned)
* Severity: Irrelevant (since there is no safety issue mentioned)

Note that the tweet appears to be a casual photo of someone taking a sip of tea in a public place, and does not mention any specific safety concerns or incidents."
https://twitter.com/maryshah4/status/1839671589823988104#m,Islamabad janay ke saray rastay band hain. My husband is coming from Peshawar and he is stuck on road,maryam shah,2,0,0,"Here are the extracted information:

* Area: Islamabad
* Safety issue: Roadblock
* Severity: Moderate (as the person is stuck on the road, implying some disruption to the normal flow of traffic, but not a clear accident or emergency situation)

Note: Since the tweet mentions a roadblock, I'm assuming it's a safety issue related to the road, and not an accident, fire, or other incident."
https://twitter.com/imjin79/status/1839632011868131647#m,Dim light in farooqabad seham Peshawar road Rawalpindi from 14 hour please resolve the issue ref no.12143581846802,JIN,0,0,0,"Here are the extracted information:

* Area: Farooqabad, Seham, Peshawar Road, Rawalpindi
* Safety Issue: None mentioned explicitly (but it appears the tweet is reporting a problem with lighting, which could potentially affect road safety)
* Severity: Low (assuming the issue is related to traffic or congestion)"
https://twitter.com/UrwahImran23/status/1839573247072796720#m,"No light in Lane#6 Peshawar Road, Rawalpindi since 12 hours and no one is responding on call as well.",Urwah Imran,0,0,0,"Here are the extracted information:

* Area: Peshawar Road, Rawalpindi
* Safety Issue: No light in Lane #6 (potential safety issue for pedestrians and motorists, especially at night)
* Severity: High (since there is no light and no one is responding to the call, it's a potential safety hazard and emergency situation)

Note: As there is no clear indication of an accident, fire, or roadblock, I did not mark the severity as ""Accident"", ""Fire"", or ""Roadblock"" respectively. However, the lack of lighting in a road lane can still be a significant safety issue, especially at night, which is why I marked the severity as High."
https://twitter.com/Jafarkazme/status/1839363315086323909#m,@beenshfatima Road condition at Peshawar Road,S. Jaffar Kazmi,0,0,0,"Based on the tweet, here's the extracted information:

* Area: Peshawar Road
* Safety Issue: Road condition ( potentially related to traffic congestion or other issues)
* Severity: Low (assuming it's related to traffic congestion, as there's no clear indication of an accident, fire, or other severe incident)"
https://twitter.com/PKMKB_DilSeKaho/status/1839337170156564687#m,"In Bagan, Sunnis fired at an ambulance of Shias, the dead body was being brought from Peshawar to Parachinar in the ambulance. Now the regret is that Even the government ambulance is not safe on the government road. #SaveParachinar #Parachinar #Shiagenocide #Kurram #kurramWantPeace",PKMKB ®,2,1,0,"Here are the extracted information:

* Area: Bagan, Parachinar, Peshawar, Kurram
* Safety issue: Firing at an ambulance, making it a safety incident
* Severity: High (since shooting at an ambulance with a dead body is a serious incident with potential loss of life)

Note: The severity is marked as high since it's a serious incident with potential loss of life. It's not related to traffic or congestion, so the severity is not marked as low."
https://twitter.com/life_innov/status/1839242855941878250#m,"It is easier to launch a good bus system in #Islamabad than other older cities. Now more routines needs to introduced Pir wadahi more should be extended till Flashman, Saddar. This will give less load on main metro and ppl from Peshawar road in Rwp will also get benefit.",S MALIK,1,0,0,"Area: Islamabad, Rawalpindi

Safety Issue: None, irrelevant (the tweet is discussing the improvement of a bus system and extending its routes)

Severity: N/A (since there is no safety issue)"
https://twitter.com/Qaisarsharif555/status/1838859078656802948#m,"AOA Today (25 September, Wednesday) Ameer JI Hafiz Naeem ur Rehman sb will address Tribal peace Jirga Eden Marquee kabutar Chowk Ring road Peshawar at 3:30pm.Insha Allah  @JIPOfficial @NaeemRehmanEngr",Qaisar Sharif,5,2,0,"Here are the extracted information:

**Area:** Peshawar, specifically the Ring road, Eden Marquee, kabutar Chowk, and Tribal peace Jirga location.

**Safety Issue:** None mentioned explicitly. However, there is a mention of a Jirga meeting, which could potentially be related to conflicts or unrest. Marking it as a moderate safety issue, as it doesn't seem to be a direct threat, but still potentially risky.

**Severity:** Medium, as it involves a potentially volatile situation (Jirga meeting) in a public location."
https://twitter.com/KhanSaeedalizai/status/1838586564231811524#m,"@NHMPofficial i waited about 20 minutes, again called and she replied she is again passing msg to mobile workshop. After a long time mechanic called me and inquired about my location. At last he told that he is at Peshawar to Islamabad road and i m not in his area",Saeed Khan,0,0,0,"Here are the extracted information:

**Area:** Peshawar to Islamabad road

**Safety Issue:** None mentioned specifically, but the issue is related to poor service experience at NHMP mobile workshop, which could be a delay or inconvenience to the person who tweeted.

**Severity:** Low (as the issue is related to traffic or congestion, which is a minor inconvenience)"
https://twitter.com/Shawfar04/status/1838575644763902156#m,@HamidMirPAK AOA Road from Peshawar to Torkham is blocked for the last 27 days and no one care. It's very difficult for health professionals and teachers to do their duties specially those from Peshawar. kindly raise this issue 🙏,ZoFaSh Utmankhel,0,0,0,"Here are the extracted information:

* Area: Peshawar to Torkham (highway/road)
* Safety Issue: Roadblock (congestion/blockage)
* Severity: Low (as it's related to traffic congestion)"
https://twitter.com/BushraGohar/status/1838470559727866340#m,"A pedestrian path opposite the #CorpsCommander's fort & along #PA & #JudicialComplex, #Peshawar - public funds wasted on this -difficult to climb without steps🪜 & blocked in several places.  Tried climbing but decided it was safer to walk on the road. @DCPeshawar What is this?",Bushra Gohar,6,1,0,"Here are the extracted details:

* **Area:** A pedestrian path opposite the Corps Commander's fort and along PA and Judicial Complex, Peshawar
* **Safety Issue:** Potential risk of injury or accident due to steps being absent and blocked areas on the pedestrian path, forcing the user to walk on the road instead
* **Severity:** Medium (since it's a safety concern and could potentially lead to an accident or injury)

Note: The tweet mentions that the speaker tried climbing the pedestrian path but decided it was safer to walk on the road, indicating that there is a safety concern. The severity is marked as medium as it's not a high-severity incident like a fire or accident, but still a concern for public safety."
https://twitter.com/shaheryarhassan/status/1838456741878477287#m,#Rawalpindi: Due to accident near Choor Chowk Peshawar Road (Lady Passed Away) people are protesting on both sides of the roads. Long ques. Use alternative route. #ChampAlertsOnTheGo #CAOTG,Shaheryar Hassan,10,1,1,"Here are the extracted information:

* Area: Rawalpindi, Peshawar Road (specifically near Choor Chowk)
* Safety Issue: Accident (specifically, a lady passed away)
* Severity: High"
https://twitter.com/Shumaila422422/status/1838225889579958578#m,Liaqat bagh is gud.  We wil fil up th whole murree road. Sadar road  .Peshawar  Road.,Shumaila Nasir Satti,1,0,0,"Here's what I extracted:

* **Area**: Liaqat Bagh, Murree Road, Sadar Road, Peshawar Road (all located in Pakistan)
* **Safety Issue**: None explicitly mentioned, but potentially implies a planned road blockade or gathering, which could lead to traffic congestion or safety issues if not managed properly.
* **Severity**: Low (assuming the safety issue is related to traffic or congestion, which is a relatively low-severity issue)"
https://twitter.com/AshfaqAhme9200/status/1838210139968413792#m,Fck you bstrd at Peshawar ring road,Ashfaq Ahmed,0,0,0,"Area: Peshawar ring road

Safety Issue: Verbal altercation/aggressive behavior (not a physical safety issue)

Severity: Relevance depends on the context, but in general, a verbal altercation on a road is considered a minor issue.

Please note that this tweet does not mention a clear safety issue like an accident, fire, or roadblock. However, the use of aggressive language still raises concerns."
https://twitter.com/RiazToori/status/1838154573011120270#m,"Due to ongoing clashes & worsening law and order situation in #Kurram & blockade of  Thal-Peshawar Road, hundreds of students from Kurram #Parachinar were unable to attend #MDCAT conducted yesterday. Who is responsible for their futures. Isn’t it the @GovtofPakistan's responsibility to ensure our safe travel in our own country, rather than leaving us trapped in hometown?",Riaz Ali Turi,3,1,0,"Here are the extracted information:

**Area:** Kurram, Parachinar, Thal-Peshawar Road

**Safety Issue:** Roadblock, law and order situation, clashes (worsening situation)

**Severity:** High (due to ongoing clashes and worsening law and order situation, which poses a serious risk to the students' safety)

Note: Since the tweet mentions blockage of a road, I would classify the severity as High, but if there weren't any other safety issues mentioned, I would mark it as Medium. However, the presence of clashes and worsening law and order situation increases the severity level to High."
https://twitter.com/kashiftaacon/status/1838073658289295550#m,Road access to Jalozai is not good Government should improve road access by announcing Direct Road from Peshawar to Jalozai Housing Scheme. currently there is single road from Pabbi to Jalozai Scheme.,Muhammad Kashif,0,0,0,"Here are the extracted information:

**Area:** Jalozai Housing Scheme

**Safety Issue:** Road access not being good (risk of accidents or congestion)

**Severity:** Medium (as the tweet highlights a safety concern, but it's not an immediate risk like an accident or fire)"
https://twitter.com/ShandanaGulzar/status/1837855143817085415#m,"Beta, DC peshawar, @MuzzammilAslam3 , advisor finance and secretary C&W have met me and meeting again on this. Funds for construction of this road diverted during caretaker time",ShandanaGulzarKhan,380,74,10,"**Area:** Peshawar (Pakistan)

**Safety Issue:** None explicitly mentioned, but potentially related to diversion of funds for construction of a road, which could impact road safety and infrastructure.

**Severity:** Low, as the tweet mentions diverted funds for construction, which may not directly relate to an immediate safety issue."
https://twitter.com/legioncitypak/status/1840640081436000448#m,𝗬𝗼𝘂𝗿 𝗚𝗮𝘁𝗲𝘄𝗮𝘆 𝘁𝗼 𝗮 𝗕𝗿𝗶𝗴𝗵𝘁𝗲𝗿 𝗙𝘂𝘁𝘂𝗿𝗲! 𝗖𝗼𝗻𝘁𝗮𝗰𝘁 𝘂𝘀 𝗳𝗼𝗿 𝗺𝗼𝗿𝗲 𝗱𝗲𝘁𝗮𝗶𝗹𝘀 042 111 53 44 66 Main Ferozpor Road Lahore #LegionCity #LuxuryLiving #SustainableBliss #lahorepakistan #dreamparadise #RealEstateLahore #LahoreLiving #FerozepurRoad,Legion City,0,0,0,"From the tweet, I can extract the following information:

1. Area: There is no specific area mentioned in the tweet, but it appears to be related to real estate and living in Lahore, Pakistan. However, there is a specific location mentioned as ""Main Ferozpor Road Lahore"".
2. Safety issue: There is no clear safety issue mentioned in the tweet. It seems to be a promotional tweet for a real estate development project.
3. Severity: Since there is no clear safety issue, I would mark the severity as ""irrelevant""."
https://twitter.com/SAMAATV/status/1839607497596010971#m,"#Lahore sees intermittent rain in areas like #Gulberg, #Cantt, #Sadar, #ModelTown, and #FerozepurRoad.   The Meteorological Department predicts cloudy skies throughout the day.   #SamaaTV",SAMAA TV,1,1,0,"Here are the extracted information:

* Area: Lahore, specific districts/areas mentioned are:
	+ Gulberg
	+ Cantt
	+ Sadar
	+ Model Town
	+ Ferozepur Road
* Safety Issue: None (no mention of accidents, fire, roadblock, or any other incident)
* Severity: Irrelevant (since there is no safety issue mentioned)"
https://twitter.com/DoctorT47t/status/1837468629442421245#m,"This is Ferozepur road Lahore !!  Leader is in jail, NOC given only at 12hours notice,  But people's turnout is massive !! #خان_کی_پکار_لاہور_جلسہ @TeamPakPower",Doctor T ᴾᵃᵏᴾᵒʷᵉʳ,1,2,0,"Here are the extracted information:

* Area: Ferozepur road, Lahore
* Safety Issue: NOC given only at 12 hours notice (not a specific safety issue, but potentially a concern)
* Severity: Low (related to traffic/congestion)

Note: The tweet mentions a ""massive turnout"" which suggests that people are gathered at the location, which may cause traffic congestion. However, there is no clear indication of a safety issue. If there was an accident, fire, or other incident, I would mark the severity as high or medium, but since there is no clear indication of an incident, I marked it as low."
https://twitter.com/waqas464/status/1837350007223017542#m,"Canal road, Ferozepur road, Mall road and all adjoining roads are clear for traffic in #Lahore. No containers, no checkpoints. #PTI should be able to hold a massive jalsa.  #جلسہ_تو_ہوگا #LahoreJalsa #PTIJalsa",Waqas Habib Rana,39,10,3,"Here are the extracted information:

* Area: Canal road, Ferozepur road, Mall road, and all adjoining roads in Lahore
* Safety issue: None mentioned (but it's implied that there may be safety concerns related to the PTI jalsa)
* Severity: Irrelevant (since there is no specific safety issue mentioned)"
https://twitter.com/awaisaziz21/status/1837437221923676232#m,"Views of Ferozepur Road, Lahore. People in large numbers are marching towards the Kahna Cattle Market 🇵🇰 #LahoreKaaptanKa #PTIJalsa #جلسہ_تو_ہوگا",Awais Aziz,1,0,0,"Here are the extracted information:

* Area: Ferozepur Road, Lahore
* Safety Issue: Relevant (marching towards a market, potentially causing traffic congestion)
* Severity: Low"
https://twitter.com/amnashezadi56/status/1837368681405317606#m,"Thanks for sharing the image. Based on your description and the map, it seems you are planning or observing a rally organized by Tehreek-e-Insaf near Kahna Purana, with the main route passing through Ferozepur Road. The route connects from Shahdara up to Gujumta, and it is situated around a crucial location near the Ring Road for easier access by caravans or participants traveling from outside Lahore.  May everything proceed smoothly for the rally, and if you need any further information or assistance, feel free to ask!",Amna Sheikh🇵🇰🇯🇴,52,0,0,"Here are the extracted information:

* Area: Near Kahna Purana, Ferozepur Road, Shahdara, Gujumta, Ring Road in Lahore
* Safety issue: Not explicitly mentioned, but there is a hint of uncertainty (""everything proceed smoothly"") which could imply potential issues (e.g. disruptions, accidents), but it's not clear what specific safety issue might arise.
* Severity: Low (assuming no clear safety issue, and the tweet is expressing general goodwill for the rally's smooth execution)"
https://twitter.com/Arain_417/status/1837366653899673679#m,"Thanks for sharing the image. Based on your description and the map, it seems you are planning or observing a rally organized by Tehreek-e-Insaf near Kahna Purana, with the main route passing through Ferozepur Road. The route connects from Shahdara up to Gujumta, and it is situated around a crucial location near the Ring Road for easier access by caravans or participants traveling from outside Lahore.  May everything proceed smoothly for the rally, and if you need any further information or assistance, feel free to ask!",Abdullah Zafar,52,0,0,"Here are the extracted information:

**Area:** Near Kahna Purana, Ferozepur Road, Shahdara, Gujumta, and Ring Road in Lahore.

**Safety Issue:** None explicitly mentioned, but the tweet is mentioning a rally with a planned route, which could potentially lead to traffic congestion or roadblock issues, but these are not explicitly stated as safety issues.

**Severity:** Low (assuming the safety issue is related to traffic or congestion, which is a relatively minor concern) or Irrelevant (if no specific safety issue is mentioned)."
https://twitter.com/mesamalik/status/1837362184722035186#m,"In the red circle is the place where Tehreek-e-Insaf has been given permission to hold a rally.  There is a ring road on the right and left.  Caravans coming from outside will come from here.  The main supply line of Sabz Line Jalsa will be Ferozepur Road.  Tomorrow, God willing, we will see each other on this road from Shahdara to Gujumta. #LahoreJalsa",Mesa Malik,107,8,121,"Here are the extracted information:

* Area: Not explicitly mentioned, but based on the context, it's likely a road in Lahore, Pakistan (specifically Ferozepur Road and surrounding areas).
* Safety issue: There is a potential safety issue related to overcrowding and traffic congestion during the rally, as described in the tweet.
* Severity: Moderate to High, as there is a significant risk of accidents or conflicts arising from the large number of people and vehicles involved in the rally."
https://twitter.com/eidie80/status/1837168841480360021#m,Lahore to Kasur city jaayo to Lahore city ka almost end per aata hai Kaahna. Sharif Family k Model Town houses se almost 5km distance per hai or wahan Ferozepur road k ilawah koi open jagah nahi  Whatever #LahoreJalsa itna barra hoga k awaam model town tak hogi  #LahoreKaaptanKa,®Raymond Reddington©,3,2,1,"Here are the extracted information:

* Area: Lahore and Kasur cities, Model Town, Ferozepur road
* Safety issue: None explicitly mentioned, but it appears to be related to traffic congestion, which is marked as low severity.
* Severity: Low"
https://twitter.com/UKPTIOfficial/status/1837158599086240185#m,"Venue for the Lahore Jalsa has been finalised. Every Pakistani who cares for the well being of their country and cherish their freedom must gather at the cattle market at Kahna interchange on the ring road, near Gajju Mata on Ferozepur Road. Saturday, 21st September, 2024.  For Pakistan, for Imran Khan.  #LahoraJalsa",PTI UK,16,6,0,"Here are the extracted information:

* Area: Lahore, specifically the cattle market at Kahna interchange on the ring road, near Gajju Mata on Ferozepur Road
* Safety issue: None mentioned specifically, but it's a public gathering with a large number of people, which may pose some safety risks (e.g. crowd control, noise pollution, etc.). However, since there are no specific warnings or concerns mentioned, I will mark it as irrelevant.
* Severity: N/A (since the safety issue is irrelevant)"
https://twitter.com/awaisaziz21/status/1835308629739851879#m,"PTI’s rally for the mobilization of the 21st Sep Jalsa in Lahore. The rally starts from Data Darbar and proceeds on Ferozepur Road, important leaders including Sanam Javed and Zubair Niazi are participating in the rally. #PoliticiansInRobesCampaigning",Awais Aziz,2,0,0,"Here are the extracted information:

* Area: Lahore
* Safety issue: None (no clear safety issue mentioned)
* Severity: Irrelevant"
https://twitter.com/UnionLiving1/status/1840993811465674786#m,"🏗️Rapid progress and innovative living at Union Living! Experience unmatched development, seamlessly blended with cutting-edge amenities designed for modern comfort. 🏡Located at Main Canal Road Lahore.",Union Living,0,0,0,"Here is the extracted information:

**Area:** Lahore (specifically, Main Canal Road)

**Safety Issue:** None (there is no mention of an accident, fire, roadblock, or other incident)

**Severity:** Irrelevant"
https://twitter.com/CafePunjab/status/1840361543499714707#m,یونہی آباد رہے گی دنیا  ہم نا ہوں گے کوئی ہم سا ہو گا  #NasirKazmi #Lahore #CanalRoad,Cafe پنجاب / ਪੰਜਾਬ,92,17,1,"Unfortunately, I couldn't find any area, safety issue, or severity in the provided tweet. The tweet seems to be a quote or a phrase from a poet or writer Nasir Kazmi, and doesn't mention any specific location, incident, or safety issue. Therefore, I would mark the safety issue as ""irrelevant"" and the severity as unknown since there is no safety issue to assess severity."
https://twitter.com/DentalSquare3/status/1840752312572158380#m,"Your Smile is Our first Priority!  Book an appointment today!  📞 0335-8706212  🌐 dentalsquare.com.pk  📍Appolo Basement Canal Bank Road, Lahore  #DrAliSethi #DentalSquare #oralcare #oralhealth #dentaltips #dentaltip #dentist #bestsentist #dentalcheckup #oralhealth",Dental Square,0,0,0,"Unfortunately, there is no safety issue mentioned in the tweet. It appears to be an advertisement for a dental clinic, with no mention of any potential hazards or incidents. Therefore, I mark the safety issue as ""irrelevant"".

The area mentioned in the tweet is the location of the dental clinic, which is ""Appolo Basement Canal Bank Road, Lahore"".

Since there is no safety issue, I also mark the severity as ""irrelevant"".

Here is the summary:

* Area: Appolo Basement Canal Bank Road, Lahore
* Safety issue: Irrelevant
* Severity: Irrelevant"
https://twitter.com/EliHk2/status/1838622472310022546#m,"Mm alam road lahore where even ""petty"" burgers cost RS. 590",Eli HK,1,0,0,"Area: Mm Alam Road, Lahore
Safety Issue: None (irrelevant)
Severity: N/A (since there is no safety issue, it's irrelevant to assign a severity)"
https://twitter.com/_sedne33/status/1828693104695599605#m,if u ever having a bad day just go to mm alam road lahore and watch the mannequins showcasing the dresses and spinning in random boutiques like a possessed annabelle istg you’ll die out of laughter🙏🏼🤣🤣🤣,cheetos,24,0,1,"Here are the extracted information:

* **Area**: MM Alam Road, Lahore
* **Safety Issue**: None
* **Severity**: Irrelevant (No safety issue mentioned)

The tweet is more of a humorous observation about a amusing experience, rather than a safety concern."
https://twitter.com/HarisKhalil10/status/1826518082564567537#m,mera plan kb bny ga lahore ana ka Allah knows . Pak  Tea House for Nashta  DHA Raya Baranah For lunch  Yasir Broast/ Spice Bazar MM alam road Dinner.,Haris Khalil,2,0,1,"Here are the extracted information:

* Area: Lahore
* Safety issue: None (perceived as a travel plan)
* Severity: N/A (since there is no safety issue)"
https://twitter.com/11sheikhusman/status/1826290287750291843#m,@lahore_wasa on the street where hec office is located near mm alam road,Usman Ghani,1,0,0,"Here's what I've extracted from the tweet:

**Area:** HEC office, near MM Alam Road, Lahore

**Safety Issue:** Road-related incident (location specified, no details provided)

**Severity:** Medium (as it's a specific location with a possible incident, but no information on the nature or severity of the incident is provided)

Let me know if you'd like me to clarify anything!"
https://twitter.com/inspkltd/status/1823461836295168011#m,"Under the leadership of Hammad Azhar, the biggest rally of Lahore started from Barkat Market and was taken out from the main boulevard road after MM ALAM Gulberg to Jail Road. Even thousands of policemen could not stop the way. Joined in thousands with slogans",Asif Nawaz,0,0,0,"Here are the extracted information:

**Area:** Lahore, specifically the main boulevard road after MM ALAM Gulberg to Jail Road.

**Safety Issue:**Thousands of policemen could not stop the way, implying a possible safety issue related to crowd control or traffic management.

**Severity:** Medium (not low as it's not just a traffic or congestion issue, and thousands of policemen were unable to control the crowd, suggesting a potential danger or risk).

Note: If there was no clear safety issue, I would have marked it as ""irrelevant"" as per your request."
https://twitter.com/Profitpk/status/1821936794637586634#m,The NIC Lahore will be relocated to Daftarkhwan Vogue on MM Alam Road in the heart of Lahore. It will host 50 startups annually in its incubation program and 10 startups annually in its acceleration program.  Read: https://profit.pakistantoday.com.pk/2024/08/09/ignite-signs-agreement-with-netsol-technologies-limited-led-consortium-to-operate-nic-lahore/,Profit,10,1,0,"Here are the extracted information:

* Area: MM Alam Road, Lahore
* Safety Issue: None (No clear safety issue mentioned)
* Severity: Irrelevant"
https://twitter.com/Daftarkhwan/status/1821906669300768825#m,"Previously located in Lahore University of Management Sciences (LUMS), National Incubation Center Lahore (NICL) is moving to Daftarkhwan | Vogue, MM Alam Road, Lahore. For the full scoop check out: https://www.daftarkhwan.com/post/nic-lahore-moves-to-daftarkhwan-vogue #takethelead #daftarkhwan #coworking",daftarkhwan,1,0,0,"Here are the extracted information:

**Area:** Lahore, Pakistan (specifically, MM Alam Road and Daftarkhwan | Vogue)

**Safety Issue:** None (irrelevant)

**Severity:** N/A"
https://twitter.com/sultan_mehwish/status/1815674003224449366#m,"Gratitude to @MaryamNSharif for revolutionizing Lahore's transportation with the tram initiative! To take it to the next level, consider restricting private vehicles on MM Alam Road &promoting tram& shuttle services, pedestrian-friendly spaces, green areas &road-side restaurants",Mehwish sultan   مہو ش سلطا ن,0,0,0,"Here are the extracted information:

**Area:** MM Alam Road, Lahore

**Safety Issue:** None mentioned (neither accident, fire, roadblock, nor any other incident)

**Severity:** Irrelevant (since no safety issue is mentioned)

Note: The tweet is actually focused on promoting the tram initiative and suggesting improvements to the transportation system, rather than addressing a specific safety issue."
https://twitter.com/BadarTelevision/status/1810947068715831777#m,"Punjab CM Maryam Nawaz announces tram service for Liberty, Mini Market, Hali Road, and more. Establishes Punjab Development Authority (PDA) and remodels MM Alam Road.  #Lahore #PunjabDevelopment #MaryamNawaz #UrbanDevelopment #BTV #IEEEPFAIR2024",Badar Television Network,0,0,0,"**Area:** Lahore, Punjab, Pakistan

**Safety Issue:** Inapplicable (there is no mention of any safety issue or incident)

**Severity:** Irrelevant"
https://twitter.com/11sheikhusman/status/1810272755822031329#m,This is the condition of the road that is near to hec office and al Hafeez suites adjacent to mm alam road. When you turn left from total petrol pump at mm alam road you will find this road. Water has been stranded here since last rain @lahore_wasa,Usman Ghani,0,0,1,"Here's the extraction:

**Area:** Hec office and Al Hafeez suites adjacent to MM Alam road, MM Alam road (near Total petrol pump)

**Safety Issue:** Water stranded on the road since last rain ( potentially hazardous for drivers and pedestrians)

**Severity:** Medium - the water stranded on the road can be a hazard for vehicles, especially if it's slippery or deep, and can cause accidents or incidents."
https://twitter.com/Edify_Con/status/1810222027233452539#m,Out Official Billboard is display at mini market round about mm alam road Lahore   #Lahore #studyabroad #studyinuk #Trending #following,Edify Consulting,1,0,0,"There is no apparent safety issue in this tweet. Therefore, the safety issue is marked as ""irrelevant"".

Area: Mini market, round about mm alam road, Lahore

Safety issue: Irrelevant

Severity: N/A"
https://twitter.com/sultan_mehwish/status/1809601118936215888#m,"@MaryamNSharif  loving the tram initiative in Lahore! To take it to the next level, consider banning private traffic on MM Alam Road & promoting trams, buses, shuttles & pedestrian-friendly spaces. Let's create a vibrant, Euro-style hub with roadside eateries & green spaces!",Mehwish sultan   مہو ش سلطا ن,0,0,0,"Here are the extracted information:

**Area:** MM Alam Road, Lahore

**Safety Issue:** None (no mention of any specific safety issue)

**Severity:** Relevance (none, since there is no indication of a specific safety issue)

Note that the tweet focuses on promoting public transportation and pedestrian-friendly spaces, but does not mention any specific safety issue or concern."
https://twitter.com/deemirza404/status/1809223029978751402#m,Dynamic developments in Punjab under CM @MaryamNSharif's leadership!  -National and international sports complex initiatives. -Development of LDA city -Approval for MM Alam Road beautification. -Historical tram service to be revived in Lahore.,Duha Mirza,1,0,0,"Here is the extracted information:

**Area:** Punjab, Lahore

**Safety Issue:** None (relevance)

**Severity:** N/A (since there is no safety issue mentioned)

The tweet seems to be more focused on highlighting the developments and projects undertaken by the CM, rather than any safety concerns or incidents."
https://twitter.com/BilalAltaf/status/1840676856342929817#m,Sukkur Hyderabad shall benefit more people  Sialkot to Kharian is already under construction and it shall divert most load from GT road!,Billa Ji,0,0,1,"Here are the extracted information:

* Area: Sukkur, Hyderabad, Sialkot, Kharian, GT road (Pakistan)
* Safety issue: No clear safety issue mentioned in the tweet. (Marked as irrelevant)
* Severity: No severity level mentioned in the tweet."
https://twitter.com/MalikAmirJalal/status/1840616052260065445#m,@Islamabadies @IslamabadViews   Sarkari daka updates ! Dha2 gate1 gt road.NHA forcefully making an ugly service service road with grills that were never needed.  During earthworks all metal and wires from poles n even private property being loaded to excavation ppl.  Sare aam !,R.A.T.M💀,0,0,0,"Here are the extracted information:

* Area: Dha2 gate1 GT road, Islamabad
* Safety issue: Potential hazardous situation due to metal and wires being loaded to excavation people during earthworks, and installation of grills which were not needed.
* Severity: Medium to High - The situation has the potential to cause accidents or other safety incidents during excavation and transportation of metal and wires."
https://twitter.com/AqsaSaleem3082/status/1836343255899983899#m,Allama Iqbal on the road side in Bahria Town Lahore. 😚,Aqsa Saleem ⑧,0,0,0,"Here is the extracted information:

* Area: Bahria Town, Lahore
* Safety issue: None (no mention of any incident)
* Severity: Irrelevant"
https://twitter.com/khalil_property/status/1830532654904524832#m,"Oslo Heights Introducing Oslo Heights, a pioneering 12-story multipurpose building in Mumtaz City, situated on Main Allama Iqbal Road, Islamabad. This iconic project by Capital Builder & Developer LLP offers breathtaking views of the Margalla Hills.  https://www.facebook.com/share/p/i6xo1X5EjTbrbtP7/?mibextid=qi2Omg",Al Khalil Property Association,1,1,0,"Here is the extracted information:

* Area: Main Allama Iqbal Road, Islamabad
* Safety Issue: Irrelevant (there is no mention of a safety issue in the tweet)
* Severity: N/A (since there is no safety issue mentioned, there is no severity level to mark)"
https://twitter.com/toaamir4/status/1827715111395717313#m,"@CM_MaryamNawaz @DCLahore @lahore_wasa @LWMC1139 @PhaLahore @CM_MaryamNawaz @cmpunjabmaryam @CS_Punjab Respected Authorities, Please take the quick action of Kareem Block Green belt Allama Iqbal Town, main Whadat Road Lahore. It's convert into dump yard.0321 4478988,0321 4971911",[email protected] Allauddin,1,0,1,"Here are the extracted information:

* **Area:** Kareem Block Green belt Allama Iqbal Town, main Whadat Road Lahore
* **Safety issue:** The area is converting into a dump yard, which can lead to environmental and health issues.
* **Severity:** Medium to High, as the conversion of a public space into a dump yard can have significant negative impacts on the environment, health, and quality of life of the surrounding community."
https://twitter.com/tabloidpk/status/1819803774292308362#m,"A 27-year-old German tourist named Berg Florian was robbed near Allama Iqbal International Airport, Lahore. Lahore Police confirmed this robbery incident.  Berg came to Pakistan by traveling on his bicycle. He was sleeping while camping on a road close to the airport when a condemnable robbery incident happened.  Read all the details on tabloidpk ⬇️ https://tabloidpk.com/politics-and-pakistan/german-tourist-berg-florian-robbed-near-airport-in-lahore/",TabloidPK,2,0,0,"Here are the extracted information:

* Area: Allama Iqbal International Airport, Lahore, Pakistan
* Safety issue: Robbery incident
* Severity: Medium (note: the severity is medium because a tourist was robbed, which can be a significant concern for a foreigner in a foreign country)

Note: The severity is not marked as low because a robbery incident is not related to traffic or congestion, and it's a serious safety issue."
https://twitter.com/FurqanR90650150/status/1817819199303209280#m,"This is the situation of one of the commercial area in Rawalpindi Cantt. Its known as Sajjid Bukhari Road, its not the first time it happened. Whenever it rains, it happens here. Its a very old issue in the areas including tench bhata, Allama Iqbal Colony etc. 1/2 @MaryamNSharif",Muhammad Furqan Nazir,0,0,0,"Here are the extracted information:

**Area:** Sajjid Bukhari Road, Rawalpindi Cantt, along with other specified areas such as Tench Bhata, Allama Iqbal Colony, etc.

**Safety Issue:** Waterlogging or flooding, which occurs whenever it rains, is the safety concern.

**Severity:** As the tweet does not mention any accidents, fires, or other severe incidents, the severity is marked as **Medium**, as it is an ongoing problem that can cause inconveniences and hazards."
https://twitter.com/bhattimz/status/1816241897448554535#m,"The AMO, LESCO Canal Road Sub-Division, Allama Iqbal Town, Lahore  *SUBJECT: UNSCHEDULED POWER OUTAGE AT SIKANDAR BLOCK, ALLAMA IQBAL TOWN, LAHORE*  It's observed with grave concern that electricity supply is OFF in Sikandar Block, Allama Iqbal Town, Lahore from last 45 minutes,",Muhammad Zafarullah Bhatti,0,0,1,"Here are the extracted information:

* Area: Sikandar Block, Allama Iqbal Town, Lahore
* Safety Issue: None (it's about an unscheduled power outage, which is not inherently a safety issue)
* Severity: N/A (as there is no clear safety issue)"
https://twitter.com/jimmy220249811/status/1815985259730854091#m,Y NOT MULTAN ROAD ??? Y NOT ALLAMA IQBAL TOWN ROAD Y NOT SAMANABAD ROADS ??? @MaryamNSharif @commissionerlhr @DCLahore,𝕓𝕝𝕒𝕔𝕜 𝕣𝕠𝕔𝕜 🎱,0,0,1,"Here are the extracted information:

**Area:** Multan Road, Allama Iqbal Town Road, Samanabad Roads, Lahore

**Safety Issue:** None explicitly mentioned. However, based on the context and the tone of the tweet, it appears that the safety issue is related to poor road conditions or lack of infrastructure improvement.

**Severity:** Medium to High (assuming the safety issue is related to poor road conditions, which can cause accidents, injuries, or fatalities)"
https://twitter.com/Kashif880617369/status/1810709959065338139#m,Adjacent  to maim bulleward  road allama iqbal town lahore,Kashif,0,0,2,"Here are the extracted information:

* Area: Allama Iqbal Town, Lahore
* Safety issue: Maim bulleward road (road may be in a dangerous condition)
* Severity: Medium (not related to traffic or congestion, so not low. The road condition is a safety issue that could potentially cause accidents or other incidents.)"
https://twitter.com/mrealtorspk/status/1806991084318265468#m,#BarkatSquare is located on a 100 ft. dual carriage carpeted road at Allama Iqbal Avenue in #MumtazCity and every side is road-facing. Its proximity to the M1 & M2 interchange and #Islamabad Airport makes it the ideal choice for your next #investment. 🌟🏢  📞 +92 311 1313 888,M Realtors,0,0,0,"Here are the extracted information:

**Area:** Barkat Square, Mumtaz City, near Allama Iqbal Avenue, and Islamabad Airport (M1 & M2 interchange)

**Safety Issue:** (Relevant) Proximity to roads, interchange, and airport may pose a risk of accidents, road congestion, or other traffic-related incidents.

**Severity:** Medium to High, as the location is prone to accidents, road congestion, and other traffic-related incidents."
https://twitter.com/Ayyaz49440851/status/1801178067512996219#m,"Sir aapnai Allama Iqbal kay shair pai amal nhi kya,  i was driving on Lahore Airport road & same thing Sir yeah bahi jataiy hain tu aap be chalin jain without challan as i was saying i don't think i am over speeding.",M Ayyaz,1,0,0,"Here is the extracted information:

* Area: Lahore Airport road
* Safety issue: None (just a complaint about not getting a challan for not over speeding)
* Severity: Low (related to traffic/congestion)"
https://twitter.com/mrealtorspk/status/1796466741670813863#m,"#BarkatSquare is located on a 100 ft. dual carriage carpeted road at Allama Iqbal Avenue, and every side is road-facing. Its proximity to the M1 & M2 interchange and #Islamabad Airport makes it the ideal choice for your next #investment. 🌟🏢  📞 +92 311 1313 888  #MRealtors",M Realtors,0,0,0,"Here are the extracted data:

* **Area**: Barkat Square
* **Safety Issue**: None (assuming none are mentioned in the tweet)
* **Severity**: Relevance (since there is no clear safety issue mentioned)

Note: There is no mention of a specific safety issue, accident, fire, or incident in the tweet, so it's marked as ""Relevant"" (not ""Irrelevant"")."
https://twitter.com/mtalhalone/status/1792091955196764281#m,"This road is probably never going to be remade, in a locality where 100% wires are in the air, there was no need to lay fiber underground. Was this authorised by all departments? @PTCLOfficial @LHRDevAuthority @commissionerlhr @DCLahore Raza block & Omer Block Allama Iqbal Town",Muhammad Talha Lone,0,0,2,"Here are the extracted information:

**Area:** Allama Iqbal Town, Lahore, Pakistan

**Safety Issue:** None explicitly mentioned, but the tweet is questioning the authorization of laying fiber optics without constructing a road, which may imply a maintenance or infrastructure concern.

**Severity:** Low (assuming it's related to traffic or congestion)

Note: Since there is no clear mention of a specific safety issue (e.g. accident, fire, roadblock), it's marked as ""irrelevant"" for safety issue. The severity is marked as ""low"" as it seems to be related to traffic or congestion, but without a specific incident mentioned."
https://twitter.com/mrealtorspk/status/1791030898076360707#m,"#BarkatSquare: Situated in the middle of #MumtazCity on a 100-foot dual carriage carpeted road at Allama Iqbal Avenue. Its proximity to the M1 and M2 interchanges, as well as New #Islamabad Airport, makes it an ideal location for your next #investment! 🌟🏢  📞 +92 311 1313 888",M Realtors,0,0,0,"Here are the extracted information:

* Area: Barkat Square, located in Mumtaz City, Allama Iqbal Avenue, Islamabad
* Safety Issue: None mentioned or implied
* Severity: Relevance (since no safety issue is mentioned or implied)

Note that the tweet is actually a promotional message for investment purposes, and does not mention any safety concerns."
https://twitter.com/znanjiani/status/1783848485415969095#m,Wonder why Allama Iqbal got only a thaka hua small road between Kashmir road & Jheel park named after him in Karachi. Someone must have really resented him,Zohair Nanjiani,0,0,2,"Here are the extracted information:

**Area:** Karachi
**Safety Issue:** None (Inferred as ""irrelevant"" since there is no mention of an accident, fire, roadblock, or any other incident)
**Severity:** N/A (since there is no safety issue, severity cannot be determined)"
https://twitter.com/afatqiamat/status/1781987996746616990#m,"I have been in Lahore from 89 to 2002 , and have practically walked all over Lahore  with shop at Chamberlain Road [Mochi Darwaza] from Hall Road/Mall Road to Allama Iqbal town , via Sectriat/Chouburjee/Scheme chowk , or even via Mall/Canal/University/Bheykay More...",Afatqiamat,0,0,1,"Based on the tweet, I extracted the information as follows:

* Area: Lahore (specifically, various locations within the city, including Chamberlain Road, Mochi Darwaza, Hall Road, Mall Road, Allama Iqbal town, Sectori, Chouburjee, Scheme Chowk, Mall, Canal, University, and Beykay More)
* Safety Issue: None mentioned (since there is no incident or accident reported)
* Severity: Irrelevant (since there is no safety issue reported)

Note that the tweet appears to be a personal anecdote or a nostalgic message about walking around Lahore, and does not contain any information about an accident, fire, roadblock, or other safety concern."
https://twitter.com/a4alpha45/status/1781664091133657127#m,"@MaryamNSharif This road in Karim  Block Allama Iqbal Town Lahore also requires your attention, please 🙏",khalid ch Advocate,0,0,0,"Here's what I extracted:

* Area: Karim Block Allama Iqbal Town Lahore
* Safety Issue: Road (potential issue, not specified as an accident, fire, roadblock, etc.)
* Severity: Low (as it's related to traffic or congestion)

Please note that without further information, I had to make an educated guess about the severity, as the tweet doesn't provide explicit details about the nature of the issue."
https://twitter.com/jimmy220249811/status/1780168206650655156#m,Kis area main ??? Allama Iqbal town smanabad Gulshan Ravi ??? Multan road thokar niaz baig ??? Chowburji ??? Ravi town ??? Sabzazar ??? Kahan kar RAHAY ho btao ???,𝕓𝕝𝕒𝕔𝕜 𝕣𝕠𝕔𝕜 🎱,0,0,0,"**Area:** Unknown ( multiple areas mentioned: Kis Area, Allama Iqbal Town, Smanabad, Gulshan Ravi, Multan Road, Thokar Niaz Baig, Chowburji, Ravi Town, Sabzazar, not sure where the author is referring to)

**Safety Issue:** Relevant (no clear issue mentioned, but the author is asking about a current situation)

**Severity:** Low (assuming it's related to road traffic or congestion)

Note: Without more context or information, it's difficult to determine the exact nature of the safety issue or severity."
https://twitter.com/jimmy220249811/status/1772907408722964840#m,SUTRA PUNJAB SIRF GULBERG YA JAIL ROAD MALL ROAD KI HAD TAK HAI MULTAN ROAD ALLAMA IQBAL TOWN GULSHAN RAVI SAMANABAD YE AREA SHAYAD LAHORE SAY BAHAR HAI YAHAN KI GREEN BELTS KHATAM HO CHUKI BAND ROAD IS WAQT PALESTINE KI MANZAR PAISH KAR RAHA HAI,𝕓𝕝𝕒𝕔𝕜 𝕣𝕠𝕔𝕜 🎱,0,0,0,"Here's what I extracted:

**Area:** Lahore (specifically mentioned streets and areas such as Mall Road, Multan Road, Gulshan Ravi, Samanabad, Allama Iqbal Town, and Band Road)

**Safety issue:** Unclear, but potentially related to environmental degradation (""KHATAM HO CHUKI"" meaning ""is finished/closed"" and ""GREEN BELTS KHATAM HO CHUKI"" implies that the green spaces are no longer available)

**Severity:** Relevance (since there is no clear safety issue like an accident, fire, or roadblock, but rather an environmental concern)

Note that the tweet is more of a commentary on the state of Lahore's green spaces rather than a report of a specific safety issue."
https://twitter.com/arehman93/status/1772176637460652466#m,"Thanks Mam, These days LDA Team doing patch work on adjacent road (Fazl e Haq Road Allama Iqbal Town), would be highly grateful if they are instructed to fix these patches  @LHRDevAuthority @TEPALDALAHORE",Abdul Rehman,0,0,1,"Here are the extracted information:

**Area:** Fazl e Haq Road, Allama Iqbal Town, Lahore

**Safety Issue:** Patched road surface, potential hazard for vehicles and pedestrians (Low severity)

**Severity:** Moderate"
https://twitter.com/bhattimz/status/1766580644086243461#m,"Government College of Science, Wahdat Road, Lahore R/o: 78-Sikandar Block, Allama Iqbal Town, Lahore   c.c. 1. The CEO, LESCO  2. The MO, Lahore Central Circle, LESCO  3. The DMO, Allama Iqbal Town Division, LESCO 4. Central Complaint Cell, LESCO  5. The Director CS, LESCO",Muhammad Zafarullah Bhatti,0,0,1,"Here's the extracted information:

**Area:** Government College of Science, Wahdat Road, Lahore

**Safety Issue:** None (no clear safety issue mentioned in the tweet)

**Severity:** Irrelevant"
https://twitter.com/AsadAli3322/status/1764997403042529697#m,I request you that please complete the Link Wahadat Road Lahore adjacent to Govt. Pilot School from Allama Iqbal Town Tanki stop To Pilot School wahadat Road Signal. Please i request you. Mohsin Naqvi Left this project from Last 6 Months. Sewrage has been installed but road not,Asad Ali,0,0,4,"Here are the extracted information:

* Area: Link Wahadat Road, Lahore (adjacent to Govt. Pilot School, Allama Iqbal Town and Tanki stop)
* Safety Issue: Road not completed/completed but still open to traffic (no clear safety issue)
* Severity: Low (as it's related to traffic/congestion)"
https://twitter.com/wcboffical/status/1840994273204060199#m,"An open house will be conducted at Walton Cantt Board Office, Ahmad Bukhsh Road, R.A Bazar Lahore to tend to public grievances at 1:30PM. #CBCARE",Walton Cantonment Board,0,0,0,"**Area:** Walton Cantt Board Office, Ahmad Bukhsh Road, R.A Bazar Lahore

**Safety Issue:** Irrelevant (there is no mention of a safety issue related to accidents, fire, roadblock, etc.)

**Severity:** N/A (since there is no safety issue, severity can't be determined)"
https://twitter.com/PTIOfficialCA/status/1836846715774665215#m,"Former President of Lahore and MPA Asghar Gujjar, winner of Form 45, was arrested from Ring Road, shared @Hammad_Azhar   Sanam Javed's @sanamkh22 father Javed Iqbal is being shifted from Wahdat Colony police station to an unknown place, reports @AdvSalmanShahid   The Punjab Provincial Government and its CM are fearful of people practicing their civil rights for peaceful assembly. This latest round of fascism unleashed on their people will not deter them from their purpose of speaking out against unlawful treatments of their peers and leadership.   #LahoreJalsa",PTI Canada Official,33,23,0,"Here are the extracted information:

* **Area:** Lahore, Wahdat Colony
* **Safety Issue:** Arrest, possibly unlawful or custodial detention (of Javed Iqbal), and reports of shifting from one location to an unknown place (unclear reason or circumstances)
* **Severity:** High ( Potential harm or coercion, restriction of civil rights, and unclear treatment of individuals in custody)"
https://twitter.com/haalim_d/status/1836604125057786214#m,"ye Lahore hi hai , wahdat road or campus  wali side lag rahi hai",Haalim (The Dreamer),0,0,0,"Here's the extraction:

**Area:** Lahore, specifically Wahdat Road or campus area

**Safety Issue:** Lag rahi hai (which roughly translates to ""happening"" or ""going on"", so it's unclear what exactly is happening, but it could be a safety issue)

**Severity:** Irrelevant (since it's not clear what exactly is happening, it's difficult to determine the severity of the issue)

Please note that the tweet is in Urdu, and the translation might not be entirely accurate. If more context or information is provided, it would be helpful in better understanding the situation."
https://twitter.com/bhattimz/status/1825234500437381617#m,"*Follow the Science College, Wahdat Road, Lahore channel on WhatsApp:* https://whatsapp.com/channel/0029VaksJg8GehEVTCNJfu0k #Science #sciencecollege #Lahore #education #admission #admissionopen",Muhammad Zafarullah Bhatti,0,0,0,"There is no clear safety issue mentioned in the tweet. Therefore, I mark it as ""irrelevant"".

As for the area, it mentions ""Wahdat Road, Lahore"" which is a specific location.

There is no information provided about the severity of a safety issue, as there is no safety issue mentioned."
https://twitter.com/AbiTariq2/status/1822876545095995619#m,Government Junior model school wahdat road Lahore.,It's Alishba,1,0,0,"Based on the tweet, here are the extracted information:

* Area: Wahdat Road, Lahore
* Safety Issue: Not specified (couldn't find any specific safety issue mentioned in the text)
* Severity: Irrelevant"
https://twitter.com/arehman93/status/1807277551590531141#m,@lahore_wasa stagnant water outside Model Bazzar Wahdat Colony & at Entrance of Wahdat Road (outside Govt Graduate College)   Swift action is requested @SMUReforms,Abdul Rehman,0,0,1,"Here are the extracted information:

**Area:** Lahore, Wahdat Colony, Model Bazzar, Wahdat Road, outside Government Graduate College

**Safety Issue:** Stagnant water, potential health hazard

**Severity:** Medium to High (as stagnant water can lead to health issues, but it's not an immediate accident or fire-related incident)"
https://twitter.com/bhattimz/status/1802098319444890019#m,"Government Graduate College of Science, Wahdat Road, Lahore-54570",Muhammad Zafarullah Bhatti,1,0,0,"Here are the extracted information:

* Area: Government Graduate College of Science, Wahdat Road, Lahore-54570
* Safety Issue: None (no mention of an accident, fire, roadblock, or any other incident)
* Severity: Irrelevant"
https://twitter.com/sunnyhamzapk/status/1800452502250483924#m,Bhai lahore main link wahdat road ka bhi koch kara dain,Hamza Masood Bhatti,0,0,0,"Unfortunately, the tweet is in Urdu, and without proper translation, it's challenging to accurately identify the area, safety issue, and severity. However, I'll provide my interpretation based on the available information:

* Area: Lahore (a city in Pakistan)
* Safety issue: Not explicitly mentioned, but based on the context and the phrase ""koch kara dain"" (which means ""have a look"" or ""take a glance""), it appears to be related to a recommendation or suggestion rather than a specific incident or accident. However, there is no direct mention of a safety issue.
* Severity: As the tweet doesn't explicitly mention a safety issue or its severity, I would mark it as irrelevant.

If more context or information becomes available, please feel free to share, and I'll be happy to re-assess the tweet."
https://twitter.com/Chocolat_crunch/status/1800259250649751920#m,Wahdat road to now Multan Road 😵‍💫,Zohaib 🍩,0,0,0,"After analyzing the tweet, I extract the following information:

* Area: Multan Road
* Safety Issue: Unspecified (but possibly related to a traffic incident or congestion)
* Severity: Low"
https://twitter.com/MIrfanMalick/status/1799751671716983105#m,"Appreciated 👍  Sir Syed Ali Bukhari, please visit Syed Modudi Institute Wahdat Road Lahore area, Mustafa Town area Wahdat Road Lahore and many other places.  There is a huge Maveshi Mandhi at the place which was previously WZ Studios adjacent to Modudi Institute.",Muhammad Irfan Malik 🇵🇰,0,0,0,"Here are the extracted information:

* Area: Syed Modudi Institute Wahdat Road Lahore, Mustafa Town area Wahdat Road Lahore, Maveshi Mandhi (note that Maveshi Mandhi is not a specific location, but likely refers to a market or area)
* Safety issue: None mentioned explicitly, but the presence of a large ""Maveshi Mandhi"" (market) may imply potential congestion or bottlenecks, which could lead to minor issues (such as crowds or noise). Since this is related to traffic/congestion, I mark the severity as Low.
* Severity: Low"
https://twitter.com/MIrfanMalick/status/1799019238646252008#m,"Kindly share locations of all Animal Markets.  There are lot of vendors selling animals at Wahdat Road Lahore such as opposite to Modudi College Wahdat Road & Near Subhan Plaza Mustafa Town Wahdat Road, few to mention.",Muhammad Irfan Malik 🇵🇰,0,0,1,"Here are the extracted information:

* Area: Wahdat Road, Lahore (specifically opposite Modudi College and Near Subhan Plaza Mustafa Town)
* Safety Issue: None mentioned explicitly, but implies a potential hazard related to unsanitary animal markets
* Severity: Relevance (since there is no clear safety issue mentioned, but there might be some concerns related to animal welfare or disease transmission)"
https://twitter.com/AftabEkbal/status/1797216565085057066#m,The road beside Pilot school Wahdat Colony Lahore is under consideration since last 2 years  @MaryamNSharif @Kh_ImranNazir @realrazidada,Aftab Ekbal,2,0,0,"Here are the extracted information:

**Area:** Wahdat Colony, Lahore

**Safety Issue:** None explicitly mentioned, but suggests that there may be a problem with the road (e.g. construction, maintenance issues) that has been a concern for two years.

**Severity:** Irrelevant (since there is no specific safety issue mentioned, it is unclear what the severity would be)"
https://twitter.com/qmalik86/status/1796531020419965339#m,To make children aware about Anti-Tobacco Day A meeting was arranged at Lahore ۔  Comprehensive Girls High Secondary School Wahdat Road. @MaryamNSharif,Qasim Nadeem MPA,3,3,0,"Here are the extracted information:

* Area: Lahore, Comprehensive Girls High Secondary School Wahdat Road
* Safety issue: None (no clear safety issue mentioned)
* Severity: Irrelevant"
https://twitter.com/CH_M_ARSHID/status/1796505696969879603#m,To make children aware about Anti-Tobacco Day A meeting was arranged at Lahore ۔Comprehensive Girls High Secondary School Wahdat Road,‏💥M ARSHID Ch💥,6,10,1,"Here are the extracted information:

* Area: Wahdat Road, Lahore
* Safety Issue: Irrelevant (no mention of any safety issue or incident)
* Severity: N/A (since there is no safety issue mentioned)"
https://twitter.com/MIrfanMalick/status/1796463527894663440#m,Respected CM @MaryamNSharif pl direct the concerned to install traffic signal in front of Syed Modudi College Wahdat Road Lahore as there are many kids' schools there.  Absence of speed breakers and signals are causing accidents there and endangering lives of kids and all others.,Muhammad Irfan Malik 🇵🇰,0,0,0,"Here are the extracted information:

* Area: Wahdat Road, Lahore
* Safety issue: accidents, endangering lives of kids and others
* Severity: Medium (not related to traffic or congestion, so it's not low, and there is a clear safety issue, so it's not irrelevant)"
https://twitter.com/SmartSolarPak/status/1795045646086385853#m,12KW Solar System Wahdat Road Lahore Complete Installation!  For more details please contact 0311-4011444 #SmartSolar #Solar #SolarPanels #SolarBatteries #SolarInverters #SolarInstallation #SolarAC,Smart Solar,0,0,0,"There is no area, safety issue, or severity mentioned in this tweet. The tweet is an advertisement for a solar system installation and does not mention any safety issues or location. Therefore, I would mark it as irrelevant."
https://twitter.com/IrfanMk56465846/status/1792085178468209078#m,this is an old video of science college wahdat road lahore,Irfan.M.k,2,0,1,"I've extracted the following information from the tweet:

* Area: Science College Wahdat Road Lahore
* Safety issue: None (the tweet is just describing an old video, no safety issue is mentioned)
* Severity: Irrelevant"
https://twitter.com/bhattimz/status/1785311148562096341#m,"This is Hall of Government Graduate College of Science, Wahdat Road, Lahore",Muhammad Zafarullah Bhatti,0,0,0,"There is no clear safety issue mentioned in the tweet. Therefore, I would mark the safety issue as ""irrelevant"".

Additionally, there is no mention of an accident, fire, roadblock, or any other incident, so there is no area and severity to extract."
https://twitter.com/sfareed68/status/1783791356349239464#m,"Lahore management company. In front of comprehensive high school wahdat road, Lahore. Instead of cleaning LMC workers dump the waste under the bridge",fareeduddin,0,0,0,"Here are the extracted information:

* Area: Wahdat Road, Lahore
* Safety issue: Poor waste management and improper disposal of trash, which can attract rodents, cause unpleasant odors, and contribute to environmental degradation. (Note: This is not an immediate hazard, but a long-term issue that can lead to health problems and aesthetic concerns.)
* Severity: Medium to High (depending on the extent of the problem and the impact on the community)"
https://twitter.com/AhmedUsmanCh/status/1782973029259112649#m,@LWMC1139 S378 pickup truck was found violating the one-way on Wahdat Road near Karim Block signal at around 7:40am today. It wasn't the first time that any LWMC vehicle was spotted doing so @ctplahore @MohsinnaqviC42,Ahmed Usman Ch,0,0,1,"Here are the extracted information:

* Area: Wahdat Road, near Karim Block signal
* Safety issue: Violating a one-way traffic rule
* Severity: Moderate (not an accident, fire, or roadblock, but still a traffic violation that may cause inconvenience or potential hazard)"
https://twitter.com/wahdatk36041471/status/1781317351897776577#m,B r t ye jor ko wos nor hum road block v ko underground ye da Tehran fa rang jor kry wo no peshawar kiy road no jam kidoo,22star shining,1,0,0,"After analyzing the tweet, I was able to extract the following information:

* Area: Tehran (and possibly Peshawar, depending on the context)
* Safety issue: Roadblock
* Severity: Medium to High (Since the tweet mentions ""road block"" and ""jam"", it's likely that there's a severe traffic congestion or obstruction that could potentially cause harm or disrupt traffic flow)

Note: The tweet's language and syntax appear to be in Urdu or a variant of it, and it may be written in a non-standard or informal manner."
https://twitter.com/EbrahimSiraj/status/1834932146202378486#m,Just change the routes that were  allocated 70 yrs back when the population of karachi was 4m. Move to Lyari Expressway or at Superhighway for the benefit of karachiites.,SRK,0,0,0,"Here are the extracted details:

* Area: Karachi
* Safety issue: None (reducing congestion by changing routes is not a safety issue)
* Severity: Irrelevant"
https://twitter.com/usama02/status/1834091393364484174#m,"If lyari expressway was in Lahore, it would have been managed much better. But it's in Karachi so it's just like M9, worst management. @NHMPofficial",Usama,0,0,0,"Here are the extracted information:

* Area: Lyari Expressway (Karachi)
* Safety issue: Worst management (no specific incident mentioned, but implies a safety concern due to poor management)
* Severity: Low (assuming the safety issue is related to traffic or congestion, which is typically considered a low-severity issue)"
https://twitter.com/shaheryarhassan/status/1833491239330582599#m,"#Karachi: 8th Rabi-Ul-Awal 13/9/24 Friday processions.  📌 1st procession will begin at 6:30am & is expected to conclude by 12:00pm.  ⚠️Procession Route: Nastar Park, Naumaish, Saddar, MA Jinnah road & Kharadar. ⚠️Alternates: Lyari Expressway, Lasbela towards Nishtar Road (Garden), Kashmir road & Shahrah-E-Quaideen, Shahrah-E-Faisal, Corridor-3, II Chundrigar road & Shahrah-E-Liaquat & Maripur road.  #ChampAlertsOnTheGo #CAOTG  📌2nd procession will begin at 1:00pm & is expected to conclude by midnight. ⚠️Procession Route: Rizvia Chowrangi Nazimabad, Lasbela, Teenhatti, PIB Colony, Jail road, Yadgar Fish turning at Jamshed road & Marten road. ⚠️Alternate: Lyari Expressway, Shahrah-E-Faisal, MA Jinnah road, Garden to Bara Board, Saddar Corridor-3, New MA Jinnah road to University road.  Roads during peak hours are expected to be clogged. Plan your journeys accordingly. #ChampAlertsOnTheGo #CAOTG",Shaheryar Hassan,2,0,0,"Here are the extracted information:

**Area:** Karachi

**Safety Issue:** None specific, but roads during peak hours are expected to be clogged, which can lead to congestion and traffic issues.

**Severity:** Low (as it's related to traffic or congestion)

Note: There is no specific safety issue mentioned in the tweet, but the expected congestion on roads during peak hours may cause inconvenience, which is a relatively low-severity issue."
https://twitter.com/cleangreenpaki/status/1830817753705431293#m,#lyariexpressway need e-toll . Heavy traffic jam on sohrab goath interchange daily but no one to resolve it . #karachi need attention,zakiulhaqq,0,0,0,"Here are the extracted information:

* **Area:** Lyari Expressway, Sohrab Goth interchange, Karachi
* **Safety issue:** Heavy traffic jam, congestion
* **Severity:** Low"
https://twitter.com/SamRulz1992/status/1830020738431996284#m,#karachicentral #centralavenue #lyariexpressway #shahrahefaisal #karachi #Sindh @SamRulz1992,Samir Samson,0,0,0,"There is no clear safety issue mentioned in this tweet. Therefore, I mark it as ""irrelevant"".

Area: The tweet mentions several areas in Karachi, Pakistan, including:
- Karachi Central
- Central Avenue
- Lyari Expressway
- Shahrahe Faisal

Safety issue: None mentioned

Severity: Irrelevant"
https://twitter.com/W_O_C_NFT/status/1829901164961247345#m,"Colorful Commerical building captured while traveling on LYARI Expressway, Karachi #LYARIExpressway @WorldPressPhoto #streetphoto #KarachiRain #BeautifulPakistan #ARYNews #WorldPhotoPress #Photojournalism #StreetJournal #Pakistaniartist #PhotoJournal @HIPAae @streetphotofdn",Shahzad Iqbal,1,0,0,"Here is the extracted information:

**Area:** Karachi, LYARI Expressway

**Safety Issue:** None (irrelevant)

**Severity:** None (irrelevant)

Note: The tweet seems to be a photography tweet, capturing a colorful commercial building while traveling on the LYARI Expressway in Karachi. There is no mention of an accident, fire, roadblock, or any other incident that could be considered a safety issue."
https://twitter.com/W_O_C_NFT/status/1828517645907308712#m,Karachi Slums  #Slums #KarachiRain #LyariExpressway @Dawn_News @BBCUrdu @etribune,Shahzad Iqbal,1,0,0,"Based on the tweet, here are the extracted information:

* Area: Karachi Slums
* Safety issue: none mentioned explicitly, but the tweet contains hashtags related to rain and flooding, which could indicate a potential safety issue related to infrastructure or natural disaster, marked as unclear.
* Severity: unclear"
https://twitter.com/shortlydottv/status/1816926439804981262#m,"Greenline, Lyari Expressway, K-4 Plant are federal projects for Karachi: Zubair Umar #Shortlytv #mqm #PPP #Sindh #Government #Shortly #Projects #karachi   Subscribe to watch full episode: https://piped.video/@shortlydottv?si=qmkvwdldkYxXB3KZ",Shortly,0,0,0,"Here are the extracted information:

* Area: Karachi (referring to the city of Karachi in Pakistan)
* Safety Issue: None mentioned (tweet is about projects in Karachi, no safety issue reported)
* Severity: Irrelevant"
https://twitter.com/W_O_C_NFT/status/1816903846024667182#m,"Blur Mosque in Karachi, captured while travelling on Lyari Expressway #Lyari #BlueMosque #Religion #Culture #Islam",Shahzad Iqbal,0,0,0,"Here's the extracted information:

* Area: Karachi
* Safety issue: None (no clear safety issue mentioned)
* Severity: Irrelevant"
https://twitter.com/shahbazzahid/status/1816543352873193512#m,Owner of Pakistani brand Cola Next abducted in broad daylight in Karachi. The incident happened on Tuesday near Lyari Expressway. Investigation underway.,Shahbaz Zahid,123,57,7,"Here are the extracted information:

**Area:** Karachi, Pakistan
**Safety Issue:** Abduction
**Severity:** High"
https://twitter.com/ProPakistaniPK/status/1814659366626189782#m,A final report on the matter is expected to be submitted soon.  Read More:  https://propakistani.pk/2024/07/20/proposal-allowing-heavy-traffic-on-lyari-expressway-strongly-opposed-by-nha/ #LyariExpressway #Karachi #NHA #HeavyTraffic,ProPakistani,1,0,0,"Here are the extracted information:

**Area:** Lyari Expressway, Karachi

**Safety Issue:** Proposal allowing heavy traffic on Lyari Expressway (congestion/traffic issue)

**Severity:** Low"
https://twitter.com/AlJarrar2/status/1831925932262924415#m,if you buy anything any products from Gul Ahmed textile mills Karachi either locally or international level you are worst human being unfortunately   #girl #girls #women #natasha #iqbal #karsaz #road #accident #gulahmed #textiles #mills,AlJarrar Pakistan-Political Movement(English&Urdu),1,0,0,"Here are the extracted information:

**Area**: Karachi (Pakistan)
**Safety issue**: Accident (specifically, a reference to the Karsaz road accident)
**Severity**: Medium to High (as the tweet is expressing strong condemnation and criticism towards Gul Ahmed textile mills, implying a significant concern or impact)

Note that the tweet does not explicitly state the accident, but the hashtag #karsaz #road #accident and the mention of a specific textile mills suggests a connection to a prior accident."
https://twitter.com/RazaInspection/status/1840948131568947624#m,Location: a ROAD NAME ALTAF ALI BRALVI R SEVERE DEMAGE.LOCATION:  BEFORE  & AFTER GUJAR NALA. Dakhana toward nazimabad / Golimar  chorangi.kindly check and peotest.to blined mayor karachi. @murtazawahab1,STAND WITH PALSTEEN,0,0,2,"Here are the extracted information:

* Area: ROAD NAME ALTAF ALI BRALVI R, BEFORE & AFTER GUJAR NALA, Dakhana toward nazimabad / Golimar chorangi, Karachi
* Safety issue: Severe damage (likely referring to a road damage or accident)
* Severity: High (assuming the ""severe demage"" causes significant harm or disruption)"
https://twitter.com/Connectyabee/status/1837160433855201535#m,Nazimabad to Shaheed e Millat Road | YABEE 1st Moto Vlog | #motovlog #pakistanicities #karachi https://piped.video/d11x48kWNFs,Connect Yabee,0,0,0,"Based on the tweet, there is no clear safety issue mentioned. The tweet appears to be a promotional tweet for a motorcycle vlog, showing a route in Karachi, Pakistan. Therefore:

* Area: Nazimabad to Shaheed e Millat Road, Karachi, Pakistan
* Safety issue: Irrelevant (no mention of an accident, fire, roadblock, or any other incident)
* Severity: N/A"
https://twitter.com/SydAmmarQadeer/status/1835224962694615377#m,Visit center of Karachi North Nazimabad Hyderi Road and repair this road,Syed Ammar Qadeer,0,0,0,"Here are the extracted information:

* Area: Hyderi Road, North Nazimabad, Karachi
* Safety Issue: Poor road condition (no specific incident mentioned, but the tweet implies that the road is in disrepair and may pose a hazard to drivers and pedestrians)
* Severity: Low (since the tweet is primarily concerned with reporting a maintenance issue rather than a specific incident)"
https://twitter.com/Saif86068012/status/1831339375030141130#m,Janab mayor  Karsaaz / shah re faisal / khalidbin waleed road .  Hazrat karachi bohat bara hai in teen roads k.illawa asal bohat hai .. Thora kaam krle wrna tareekh apko tareekh bna degi.  Lallu khait mukamal tabah barbaad hai . Nazimabad gatar bageecha bangaya hai .,Saif,0,0,1,"Based on the tweet, here are the extracted information:

**Area:**
Karsaaz, Shah Re Faisal, Khalid Bin Waleed Road in Karachi, Pakistan

**Safety Issue:**
None mentioned explicitly, but the tweet implies that the roads are congested and chaotic, which could be considered a safety issue due to the risk of accidents.

**Severity:**
Medium (assuming the congestion and chaos could potentially lead to minor accidents or inconveniences, but no specific incident is reported)

Note: If the tweet had mentioned a specific accident, fire, or other incident, the severity would be marked as High or Low accordingly."
https://twitter.com/danyshamsii/status/1829764516499894326#m,"Kitni ghalat baat kartay ho aap Mayor sahab, Ap university road gaye? new karachi or north karachi gaye? Shah faisal gaye ? Jail Chowrangi lalukhet gaye? north nazimabad gaye ? or bhi jagah jayen na aap, Sirf sharah e faisal DHA, SMCHS, KARSAZ ko apne pura KARACHI samjha hua hai.",Daniyal Shamsi,0,0,0,"Here are the extracted information:

**Area:** Not explicitly mentioned, but based on the context, the locations mentioned are:

* University Road
* New Karachi
* North Karachi
* Shah Faisal
* Jail Chowrangi
* Lalukhet
* North Nazimabad
* Faisalfir (DHA, SMCHS, KARSAZ)

**Safety Issue:** Not explicitly mentioned, but it appears to be a criticism of the Mayor's priorities, with the user questioning why they are focusing only on a specific route (Faisalfir, DHA, SMCHS, KARSAZ) and neglecting other areas.

**Severity:** Due to the lack of a clear safety issue, the severity is marked as **irrelevant**."
https://twitter.com/DrowningPices/status/1829423290743689236#m,"THERE IS MORE TO KARACHI THAN SHARA E FAISAL. MALIR HALT/Race Course Road. 5 star North Nazimabad, FB area, Gulshan 13D… Jauhar… jahan se vote nahi pare aap wahan ke bhi mayor hain Barrister Sahab!",Hরسا,3,0,0,"Area: Karachi, Pakistan (specifically mentioning Shara E Faisal, Malir Halt, Race Course Road, North Nazimabad, FB area, Gulshan, and Jauhar)

Safety Issue: None (there is no mention of an accident, fire, roadblock, or any other incident)

Severity: Irrelevant (since no specific safety issue is mentioned)"
https://twitter.com/SBH_1982/status/1828811439043215687#m,"Karsaz or sahrefaisla k Road saaf ker k video share ker deta h zara North nazimabad, North karachi, Scheme-33,asphani Road, orangi,korangi k chaker b lagao na.",سید بلال حسین(SBH),0,0,1,"Here's the extracted information:

* **Area**: North Nazimabad, North Karachi, Scheme-33, Asphani Road, Orangi, Korangi
* **Safety Issue**: Road blockage/clogging (""saaf ker k video share ker deta h"" implies blocking the road to create a clear path)
* **Severity**: Low (since it's related to traffic/congestion)"
https://twitter.com/AbdulDagia/status/1823588029631795258#m,#JASHNEAZADI_MUBARAK..Karachi - #PaposhNagar Road - KCR Station - JamaMasjid Gole Market #Nazimabad - 😢Seema Liaqat / #Urban_Resource_Centre and 80 YrsOld Chartered Accountant 🤲🤲12 August 2024,Abdul Hamid DAGIA,51,48,11,"Here is the extracted information:

* Area: Paposh Nagar Road, KCR Station, Jama Masjid Gole Market, Nazimabad, Karachi
* Safety issue: None explicitly mentioned. However, based on the emoticon 😢, it can be inferred that there may be a safety issue or concern.
* Severity: Due to the lack of clarity, I would mark the severity as ""irrelevant"" for now. However, if more information becomes available, it may be revised."
https://twitter.com/shaheryarhassan/status/1820232171329847679#m,"#Karachi: Due to rain in various areas, including Shahrah-E-Faisal, Airport, Malir, Gulistan-E-Johar, Gulshan-E-Iqbal, Federal B Area, North Nazimabad, Stadium road roads have been flooded. As informed earlier this will continue for 2-4 days. Drive carefully. #CAOTG #ChampAlertsOnTheGo",Shaheryar Hassan,1,0,0,"Here's the extracted information:

* Area: Shahrah-E-Faisal, Airport, Malir, Gulistan-E-Johar, Gulshan-E-Iqbal, Federal B Area, North Nazimabad, Stadium road
* Safety issue: Flooded roads
* Severity: Low (related to traffic or congestion)"
https://twitter.com/iarifhameed/status/1820220412313436533#m,Rain sub picture video #DHA ki Hoti k roads saaf hein Pani nhi road per Zara si Barish ne #Karachi dob gaya Sindh government enjoy kar Rahi hey Johar North nazimabad Gulshan Iqbal mein Pani hi Pani khara hey .,Arif Hameed,2,0,0,"Here are the extracted information:

**Area:** Karachi, Sindh, Pakistan (specifically mentioned locations: North Nazimabad, Gulshan Iqbal)

**Safety Issue:** Waterlogging (Pani hi Pani khara hey, meaning water is accumulating on the roads)

**Severity:** Medium to High (as waterlogging can lead to accidents, damage to vehicles, and create slippery conditions, making it hazardous for pedestrians and drivers)

Note: The tweet doesn't specifically mention an accident or incident, but the waterlogging is a safety issue that can lead to potential harm."
https://twitter.com/TOKCityOfLights/status/1820192353413685669#m,"Road collapsed in front of 2K Bus Stop in North Nazimabad, traffic moving slow towards Five Star Chowrangi. #TOKAlert #KarachiRain",Times of Karachi,153,71,7,"Here are the extracted details:

* Area: North Nazimabad, Karachi
* Safety issue: Road collapse
* Severity: Moderate (as a road collapse can cause damage, disruption, and potential harm to people and vehicles)

Note: The severity is moderate as the road collapse can cause significant disruption to traffic and pose a risk to people and vehicles, but it does not necessarily involve an accident or fire."
https://twitter.com/iarifhameed/status/1820137786353328361#m,G good rain update liaqautabad nazimabad taraf Barish teiz hu Rahi hey road pe Pani hi Pani hey #KarachiRain.,Arif Hameed,0,0,0,"Here are the extracted information:

* Area: Liaqautabad, Nazimabad (in Karachi)
* Safety issue: Water on the road (i.e., flooding)
* Severity: Moderate (since it's a flood-related issue that could pose a risk to people and vehicles)

Note: Since it's a flood-related issue, it's likely to cause disruption to traffic, but if there's no accident or other incident reported, the severity is marked as moderate rather than high."
https://twitter.com/AbdulDagia/status/1815969870598791401#m,#Firdaus_Colony -#Nazimabad  Altaf Ali Barelvi Road .. #Karachi Dilapidated..Senior Citizen Silent Protest 22 July 2024,Abdul Hamid DAGIA,106,72,9,"Here are the extracted information:

**Area:** Firdaus Colony, Nazimabad, Altaf Ali Barelvi Road, Karachi

**Safety Issue:** None mentioned, but it can be inferred that the ""silent protest"" might be a potential safety issue, but the tweet does not specify what it is related to.

**Severity:** Low (assuming it's a peaceful protest and not a serious safety issue)"
https://twitter.com/Hussain111Rida/status/1814625266171277563#m,"One of the upscale areas of Karachi, North Nazimabad stands flooded and devastated after today’s spell of heavy rain!! Talking about this specific area, there are two big hospitals on this road. Both unreachable. A big liar Murtaza Wahab is!",Rida,1,0,0,"Here are the extracted information:

**Area:** North Nazimabad, Karachi

**Safety Issue:** Flooded and devastated roads making hospitals unreachable (potentially blocking access to healthcare services)

**Severity:** High (as the flooding and blockage of roads may lead to issues with people's health or safety, especially considering the presence of hospitals)"
https://twitter.com/zahra_aliiii/status/1813634383729017113#m,"Everyone has a few spots in their city that they like and visit, and it's just seeing areas such as gulberg, jail road, north nazimabad, seashore, multiple sectors of Islamabad destroyed. You visit the same areas to see nothing left.",zahra,11,1,0,"Here are the extracted information:

**Area:** Gulberg, Jail Road, North Nazimabad, Seashore, multiple sectors of Islamabad

**Safety Issue:** Destruction of areas (likely due to a natural disaster, war, or destruction caused by humans)

**Severity:** High (destruction of areas suggests significant damage and possibly loss of life or property)"
https://twitter.com/AsherUsmani/status/1808850990092685694#m,@KhiTraffic 🚦📷 Daily severe traffic congestion on Nazimabad Main Road from SITE Habib Bank Bridge to Eidhah due to fruit vendors blocking the road. Urgent action needed! 📷@khitrafficpol #KarachiTraffic #TrafficAlert #Nazimabad,Asher Usmani,0,0,0,"Here are the extracted details:

**Area:** Nazimabad Main Road, from SITE Habib Bank Bridge to Eidhah, Karachi

**Safety Issue:** Roadblock (blockage caused by fruit vendors)

**Severity:** Low (related to traffic congestion)"
https://twitter.com/playmovictorian/status/1841067538626531803#m,🧡👧🍎 Happy Autumn with Playmobil 😊👩‍🍳🍎🎃🥧🍁! 🍎👦🧡  #Pakistan #Pakistanese #Karachi #Lahore #Faisalabad #Rawalpindi #Gujranwala #Peshawar #Multan #Hyderabad #Islamabad #Quetta #Bahawalpur #Sargodha #Sialkot #Sukkur #Larkana #Jhang #Talagang #Gujrat #Sahiwal #Clifton #Saddar #Gizri #ParkViewCity #SmartCity #JinnahColony #JubileeHills #BanjaraHills #BahriaTown #DHA #kids #fun #playtime #BeHappy #BeKind #familyfun #toys #kidstoys #autumnvibes #Autumn #Fall #fallvibes #autumnfashion #AutumnMagic #autumnfall #TuesdayFun #TuesdayFeeling #October1 #October,playmovictorian,0,0,0,"There is no safety issue mentioned in this tweet. The tweet is a happy and colorful post celebrating Autumn, with no mention of an accident, fire, roadblock, or any other type of incident."
https://twitter.com/carpoolworld/status/1837665624299864101#m,#Carpool #Karachi -> #Karachi #IIChundrigarRoad I'm working in Bank Alfalah head office. Sharing my car route due to fuel prices or to afford dai https://www.carpoolworld.com/carpool.html?hf=Karachi&hp=SIN&hz=&hc=PAK%2CPK&to=Karachi&ws=SIN&wz=&wc=PAK%2CPK&olat=24.9023473&olon=67.1892000&lat=24.8486890&lon=66.9970501&trid=3684739&tridrnd=HeC3krpc3f&form_language=EN,CarpoolWorld,0,0,0,"Here are the extracted information:

**Area:** II Chundrigar Road, Karachi, Pakistan

**Safety Issue:** None (there is no mention of any safety issue or incident, only a carpooling route shared)

**Severity:** None (since there is no safety issue reported, severity cannot be marked as high, medium, or low)"
https://twitter.com/asmaKhankhan28/status/1833639695332360427#m,Ya hai faisal warda pauo inking oqat ya the inka baap railway may time checker tha ya ii chundrigar road ki railway colony karachi may rehate the phair kase aj ya shake Arab patient ban gaya kis ki mehaebani se,Asma Khan,0,0,0,"After analyzing the tweet, I extracted the following information:

**Area:** Karachi, likely referring to the railway colony on Chundrigar Road

**Safety Issue:** The safety issue appears to be related to a train (specifically, a ""phair"" which is likely a local train or a train station) as it mentions "" Railway May Time Checker Tha"". It is unclear what exactly happened, but it seems like some kind of incident or accident may have occurred.

**Severity:** Moderate to High, as it appears to be a serious incident (accident or problem with a train) and the user is expressing shock and surprise (""Mehabeani se"" which means ""with what explanation"" or ""how unexpected"")"
https://twitter.com/carpoolworld/status/1832743192447369228#m,#Carpool #Karachi -> #Karachi #IIChundrigarRoad rideshare https://www.carpoolworld.com/carpool.html?hf=Karachi&hp=SIN&hz=&hc=PAK%2CPK&to=Karachi&ws=SIN&wz=&wc=PAK%2CPK&olat=24.9380265&olon=67.0479484&lat=24.8486890&lon=66.9970501&trid=3669895&tridrnd=oMr9bluMSy&form_language=EN,CarpoolWorld,0,0,0,"Area: II Chundrigar Road, Karachi

Safety Issue: None mentioned, but the tweet appears to be related to a carpooling service, so it's possible that there could be a safety issue related to the service itself, such as concerns about driver vetting or accidents.

Severity: Low (since it's related to traffic or congestion, the severity is assumed to be low unless further information is provided)"
https://twitter.com/walkingtourist4/status/1831708868269031758#m,I I Chundrigar Road Wall Street of Karachi Walking Tour Watch full video on Youtube: piped.video/MKuMkJltI4U #walkingtourist4k #karachi #karachi4k #iichundrigar #chundrigar #iichundrigarroad,Walking Tourist 4k,0,0,0,"Area: I.I. Chundrigar Road, Karachi

Safety Issue: None mentioned explicitly

Severity: Irrelevant"
https://twitter.com/carpoolworld/status/1825487885186797718#m,#Carpool #Karachi -> #Karachi #IIChundrigarRoad rideshare 4 Seats offered https://www.carpoolworld.com/carpool.html?hf=Karachi&hp=SIN&hz=&hc=PAK%2CPK&to=Karachi&ws=SIN&wz=&wc=PAK%2CPK&olat=24.8043485&olon=67.0576612&lat=24.8486890&lon=66.9970501&trid=3647992&tridrnd=g6izmmYD7U&form_language=EN,CarpoolWorld,0,0,0,"Here are the extracted information:

* Area: Karachi, II Chundrigar Road
* Safety issue: None (It appears to be a carpooling ride sharing service, no safety issue mentioned in the tweet)
* Severity: Irrelevant (No clear safety issue mentioned)

Let me know if I can assist with anything else!"
https://twitter.com/carpoolworld/status/1823381503658611146#m,#Carpool #Karachi -> #Karachi #IIChundrigarRoad rideshare #splitcosts #taketurns #sharecoffee https://www.carpoolworld.com/carpool.html?hf=Karachi&hp=&hz=&hc=PAK%2CPK&to=Karachi&ws=SIN&wz=&wc=PAK%2CPK&olat=25.0834495&olon=67.1636662&lat=24.8486890&lon=66.9970501&trid=3641539&tridrnd=LThuIv9cBq&form_language=EN,CarpoolWorld,0,0,0,"There is no area, safety issue, and severity extracted from this tweet because it appears to be a link to a carpooling service and not a report of an incident or accident."
https://twitter.com/shaheryarhassan/status/1815750607782707504#m,"#Karachi: There is a significant traffic congestion reported in the vicinity of II Chundrigar Road, including Dr. Zia Uddin Ahmed Road, Din Muhammad Wafai Road, and Sarwar Shaheed Road. The affected areas include Shaheen Complex, Khajoor Chowk, Fawara Chowk, Lucky Star, Burns Road, and certain sections of M.A. Jinnah Road. 📌 Due to the ongoing heatwaves and anticipated rain, Sindh has extended the summer vacations for educational institutions until August 14th, 2024. #ChampAlertsOnTheGo #CAOTG",Shaheryar Hassan,1,0,1,"Here are the extracted information:

* Area: Karachi, specifically the areas mentioned: Shaheen Complex, Khajoor Chowk, Fawara Chowk, Lucky Star, Burns Road, and certain sections of M.A. Jinnah Road.
* Safety issue: None mentioned explicitly, but the tweet mentions ""significant traffic congestion"", which is a traffic issue, so marking it as low severity.
* Severity: Low"
https://twitter.com/thenews_intl/status/1806281323482345951#m,"Malir, North Karachi, Water Pump, II Chundrigar Road, among others that receive rain  Read more: https://www.thenews.com.pk/latest/1204129 #TheNews",The News,0,0,0,"Based on the tweet, here's what I extracted:

**Area:** Malir, North Karachi, Water Pump, II Chundrigar Road (others not specified)

**Safety Issue:** None explicitly mentioned, but it appears to be a weather-related incident (rain) affecting certain areas.

**Severity:** Irrelevant (since it's a weather-related issue and doesn't imply a specific accident or incident)"
https://twitter.com/geonews_english/status/1766740900170932301#m,"II Chundrigar Road, Saddar, North Karachi are among various areas that received drizzling  Read more: https://www.geo.tv/latest/534340?1 #GeoNews",Geo English,1,0,0,"Here are the extracted information:

* Area: II Chundrigar Road, Saddar, North Karachi
* Safety issue: Irrelevant (there is no clear safety issue mentioned in the tweet)
* Severity: N/A (since there is no safety issue, severity is not applicable)"
https://twitter.com/ReluctantAhsan/status/1757809089923453321#m,@murtazawahab1 The road has collapsed near NBP Head office II Chundrigar road as a result of which a red bus got stuck today....water line gutted on university road resulting in traffic jam...!!! #Karachi,@[-]5@n ni5@r,0,0,0,"Area: NBP Head office, II Chundrigar Road, University Road (all located in Karachi)

Safety issue: Road collapse, resulting in a bus getting stuck and water line gutted, which is likely to cause traffic jams

Severity: medium"
https://twitter.com/TheCivilEyes/status/1754072372481786352#m,"Heavy rain lashed several parts of #Karachi for the second consecutive day on Sunday. Gulistan-i-Jauhar, Gulshan-i-Iqbal, DHA, Clifton, II Chundrigar Road, Saddar, and Lyari were among the localities where moderate to heavy rainfall coupled with cold winds were reported.",TheCivilEyes,0,0,0,"Here are the extracted information:

* Area: Karachi (specific localities: Gulistan-i-Jauhar, Gulshan-i-Iqbal, DHA, Clifton, II Chundrigar Road, Saddar, and Lyari)
* Safety issue: None reported (heavy rain, cold winds, but no specific incident mentioned)
* Severity: None (since no specific incident is mentioned, no severity can be determined)"
https://twitter.com/Yasmeen14786707/status/1754028781747196003#m,Another heavy spell started in II chundrigar road Karachi #KarachiRain #Karachi,Zubair Memon,2,0,0,"Based on the tweet, here are the extracted information:

* Area: II Chundrigar Road, Karachi
* Safety issue: Related to heavy spell of rain, possibly causing traffic or congestion issues
* Severity: Low (since it's related to traffic or congestion)"
https://twitter.com/DialoguePak/status/1753845732845748613#m,II Chundrigar road flooded as heavy rain wreaks havoc in Karachi   #DialoguePakistan #KarachiRain #Receive #HeavyRain #PDM #WeatherUpdate #Sindh #Rain #ColdWave #Thunderstorm #IIChundrigarRoad,Dialogue Pakistan,1,0,0,"Here are the extracted information:

* Area: II Chundrigar Road, Karachi
* Safety issue: Flooding, which can cause accidents, injuries, or disruptions to daily activities
* Severity: Medium-High (heavy rain and flooding can cause significant disruptions and hazards to the public)"
https://twitter.com/masood_619_/status/1752387411982565845#m,Raining at II Chundrigar Road #Karachi,𝑴𝒂𝒔𝒐𝒐𝒅 - ᴇxᴛᴇʀɪᴏʀ ᴍɪɴɪꜱᴛᴇʀ 🗿,6,1,1,"Here's what I extracted from the tweet:

* Area: II Chundrigar Road, Karachi
* Safety Issue: None (related to weather condition - raining)
* Severity: Relevance"
https://twitter.com/fastnewspkHD/status/1752236956916822498#m,"A fresh wave of cold weather has gripped Karachi, with parts of the metropolitan city receiving showers earlier this morning. The areas that witnessed a light downpour include II Chundrigar Road, Saddar, and other adjacent localities.  #rain #karachi #WeatherUpdate #BreakingNews",fast news,0,0,0,"Here are the extracted information:

* Area: II Chundrigar Road, Saddar, and other adjacent localities in Karachi, Pakistan
* Safety issue: None explicitly mentioned, but potential hazards from slippery roads and possible reduced visibility due to showers
* Severity: Low (since the tweet doesn't mention any specific accident, fire, or roadblock incident, and the focus is on the weather update)"
https://twitter.com/DialoguePak/status/1752197564978581795#m,"The weather department confirmed light rain in II Chundrigar Road, Sadar and nearby areas of Karachi on Tuesday morning.  https://dialoguepakistan.com/en/pakistan/karachi-gears-up-for-a-drop-in-temperature-after-tuesday-s-showers #DialoguePakistan #Karachi #Sadar #IIChundirigarRoad #Areas #Morning #Weather #Department #Confirmed",Dialogue Pakistan,0,0,0,"Here are the extracted information:

* Area: II Chundrigar Road, Sadar, and nearby areas of Karachi
* Safety issue: None mentioned (relevant to weather condition, no safety incident reported)
* Severity: N/A (since no safety issue is reported, severity cannot be determined)"
https://twitter.com/RapidPakistan/status/1742532797234077740#m,"Karachi Mayor Barrister Murtaza Wahab revealed that out of 266 buildings along major roads in Karachi like II Chundrigar Road, Sharea Faisal, and Shahrah-e-Quaideen, only six have fire safety setups, and the rest don't even have fire extinguishers. #RapidPakistan",Rapid Pakistan,0,0,0,"Here's the extracted information:

**Area:** Karachi

**Safety Issue:** Fire risk due to lack of fire safety setups and fire extinguishers in buildings.

**Severity:** High"
https://twitter.com/PakStartup/status/1742523776519024800#m,"Karachi Mayor Barrister Murtaza Wahab revealed that among the 266 buildings on Karachi’s major roads, including II Chundrigar Road, Sharea Faisal, and Shahrah-e-Quaideen, only six have fire safety facilities  #Karachi #buildings #mayor #Metropolitan #MurtazaWahab",Startup Pakistan,88,10,0,"Here are the extracted details:

* Area: Karachi (specifically, major roads including II Chundrigar Road, Sharea Faisal, and Shahrah-e-Quaideen)
* Safety issue: Fire safety facilities not installed in many buildings
* Severity: High (since it's related to fire safety, which is a critical concern)"
https://twitter.com/SherySyed2/status/1740296046172135441#m,"Dear @murtazawahab1, please plant trees on II Chundrigar road also. This is the business hub of Karachi.",SherY,1,0,0,"Here are the extracted information:

**Area:** II Chundrigar road, Karachi

**Safety Issue:** None (no clear indication of a specific safety concern)

**Severity:** Relevance (since there is no specific safety issue mentioned)

Note: Since there is no mention of a specific safety issue, it's marked as ""irrelevant"". If the tweet mentioned something like ""II Chundrigar road is always congested"" or ""there's a high risk of accidents on this road"", it would be marked as a safety issue, but without further context, it's hard to determine a specific safety concern."
https://twitter.com/KarachiiBeats/status/1737820214694395957#m,A report commissioned by Mayor Karachi reveals a lack of fire safety measures in 29 out of 45 buildings on II Chundrigar Road.   #karachibeats #karachi #karachiibeats #firesafetyawareness #unsafe,Karachi Beats,0,0,0,"Here are the extracted details:

**Area:**
Pakistan, specifically Karachi (II Chundrigar Road)

**Safety Issue:**
Lack of fire safety measures in 29 out of 45 buildings, which increases the risk of fires and related accidents.

**Severity:**
Medium to High. The lack of fire safety measures is a serious safety concern that can lead to injuries or fatalities in case of a fire."
https://twitter.com/Aaj_Urdu/status/1737503345798156372#m,77 فیصد عمارتوں میں آگ بجھانے کا سامان اور عملہ ہی موجود نہیں، رپورٹ  مزید پڑھیے 🔗 https://www.aaj.tv/news/30361514/ #AajNews #IIChundrigarRoad #karachi,Aaj TV Urdu,11,0,0,"Here are the extracted information:

**Area:** II Chundrigar Road, Karachi

**Safety Issue:** Fire

**Severity:** High

Let me explain my reasoning:

* The tweet mentions that 77% of buildings do not have firefighting equipment and personnel, which suggests a significant lack of preparedness for fires.
* Therefore, the safety issue is a fire-related concern.
* Since the tweet highlights a critical issue with firefighting preparedness, I classify the severity as High, indicating a potentially life-threatening situation."
https://twitter.com/GTVNewsPk/status/1737474710659580102#m,آئی آئی چندریگرروڈ کی 45 عمارتیں گرانے کا حکم؟  #GTVNews #Karachi #iiChundrigarRoad,GTV News HD,0,0,0,"Based on the tweet, here's what I was able to extract:

1. Area: II Chundrigar Road in Karachi
2. Safety issue: None explicitly mentioned, but the tweet is referring to a potential safety issue (demolition of 45 buildings) so I'll mark it as a potential safety risk.
3. Severity: Low (since it's an administrative decision to demolished buildings, it's unlikely to pose an immediate safety risk)

Let me know if you'd like me to clarify or re-extract anything!"
https://twitter.com/DialogueUrdu/status/1735325220834279559#m,ماہانہ کروڑوں کا ٹیکس دینے والی کراچی کی اہم تجارتی شاہراہ حکومتی بے حسی کا شکار!  دو کلومیٹر کی اس سڑک آئی آئی چندریگر روڈ پر تمام بڑے نجی اداروں، بینکس کے ہیڈ آفسسز، اسٹیٹ بینک کا مرکزی دفتر، اسٹاک ایکسچینج  بھی موجود ہے۔   #DialogueUrdu | #Karachi | #IIChundrigarRoad,Dialogue Urdu,0,0,0,"Here's the extracted information:

* Area: II Chandrigar Road, Karachi
* Safety Issue: Government negligence (not a specific incident like an accident or fire)
* Severity: Low (pertains to traffic and congestion, not a specific safety incident)"
https://twitter.com/Post4th/status/1724431752884584863#m,"A fire broke out in a multi-storey commercial building on I.I. Chundrigar Road, affecting the Business and Finance Centre near Tower.#fire #karachi #iichundrigarroad   Read More: 4thpillarpost.com",Fourth Pillar Post,0,0,0,"Here are the extracted information:

**Area:** I.I. Chundrigar Road, Karachi

**Safety Issue:** Fire

**Severity:** Medium (a fire in a commercial building is a serious incident that requires immediate attention and could lead to injuries or fatalities)"
https://twitter.com/faisalfarooqi/status/1724085876370649474#m,"Karachi, 13 Novemver 2023. Deputy Commissioner South Karachi Captian (R) Altaf Hussain Sario and Assistant Commissioner Arambagh alongwith Mukhtiyarkar visited the incident place where the fire erupted in electric wires of Business & Finance Centre II Chundrigar road.  250-300 people were rescued from 5th and 6th floor of the building. Four vehicles of fire extinguishers, 6 vehicles of rescue 1122 and police mobiles reached at the spot within no time. No casualty or injury found yet. The fire has been extinguished and cooling process started. The situation is under controlled now. @AltafSario @DCSouthKarachi @CommissionerKhi",Faisal Farooqi,4,3,0,"Here are the extracted information:

* Area: Karachi, Chundrigar road (specifically, the Business & Finance Centre II building)
* Safety Issue: Fire
* Severity: Low-to-Moderate (there were no reported casualties or injuries, and the situation was under control after the fire was extinguished)"
https://twitter.com/shahzadgillani/status/1707793181759230156#m,If you happen to be in Karachi in 70s and looking to do something unique then plan a visit to Habib Bank Plaza - the tallest bank building in Asia - on II Chundrigar road,P.S Gillani,1,1,1,"Area: Karachi, Habib Bank Plaza (address: II Chundrigar road)
Safety Issue: None (no mention of a specific safety issue)
Severity: None (since there is no mention of a specific safety issue, marking it as none)"
https://twitter.com/thekarachiwalla/status/1707700020290478502#m,If you happen to be in Karachi in 70s and looking to do something unique then plan a visit to Habib Bank Plaza - the tallest bank building in Asia - on II Chundrigar road.,The Karachi Walla,33,5,2,"Here are the extracted information:

**Area:** Karachi, Asia's tallest bank building - Habib Bank Plaza, II Chundrigar road.

**Safety Issue:** Irrelevant

**Severity:** Not mentioned"
https://twitter.com/TaxChoriBndKaru/status/1703040380323709022#m,Broadway Pizza at II Chundrigar Road Karachi Tax Complaint Result on #CitizenPortal #TaxChoriBandKaru #SalesTax #Tax #Fraud #SindhRevenueBoard #SRB #SRBPOS #Karachi #Restaurant #Penalty,Tax Chori Band Karu,5,1,1,"Here are the extracted information:

**Area:** II Chundrigar Road, Karachi

**Safety Issue:** Tax fraud/ complaint (not a traditional safety issue, such as an accident or fire)

**Severity:** High (penalty implies a serious consequence)"
https://twitter.com/ZubairKhanPK/status/1703039763454845292#m,Broadway Pizza at II Chundrigar Road Karachi Tax Complaint Result on #CitizenPortal #TaxChoriBandKaru,Zubair Ahmed Khan,5,0,1,"* Area: II Chundrigar Road, Karachi
* Safety Issue: None explicitly mentioned, but the tweet is related to a Tax Complaint, so it's irrelevant.
* Severity: NA (since there's no clear safety issue)"
https://twitter.com/engrfarhanmalik/status/1840667326712009165#m,DHA Multan Sector U 10 Marla Corner On 65’ Road Near To Kids Play Area & Kashmir Park  Available At Reasonable Price  For More information: 🤙 0308-5065836,Farhan Malik,1,0,0,"Here are the extracted information:

* Area: DHA Multan Sector U, 65’ Road, near Kids Play Area & Kashmir Park
* Safety Issue: None (no apparent safety issue mentioned)
* Severity: Irrelevant"
https://twitter.com/Zolixco/status/1840647768638894269#m,"Need a logo for your business? Get in touch with us today! 📷 Visit: zolix.co 📷 Office #43, Crystal Arcade, Old Kutchery Road, Multan, Pakistan 📷 Call: +92 322 2205444 📷 Email: [email protected] #zolix #business #creativity #innovation #growth #logodesign",Zolix,0,0,0,"There is no area, safety issue, or severity extracted from this tweet as it appears to be a promotional tweet for a logo design service and does not mention any safety issues or accidents. Marked as ""irrelevant""."
https://twitter.com/hasnainakram178/status/1840642404967206921#m,Multan to vehari road update pls 🙏,Hasnain Akram,1,0,0,"Based on the tweet, I extracted the following information:

* Area: Multan to Vehari road
* Safety issue: None (since there is no specific mention of an accident, fire, roadblock, or any other incident)
* Severity: Relevance (since there is no clear safety issue, this tweet is more like a general inquiry or query for an update about the road condition)

Please note that without more context or information, it's difficult to pinpoint the exact safety issue."
https://twitter.com/hasnainakram178/status/1840642246611193938#m,Multan to vehari road update pls 🙏,Hasnain Akram,1,0,0,"Here are the extracted information:

* Area: Multan to Vehari road (a specific geographic location)
* Safety issue: None mentioned (it's an update request, not a report of an incident)
* Severity: Irrelevant"
https://twitter.com/hasnainakram178/status/1840642069271810483#m,Multan to vehari road update pls 🙏,Hasnain Akram,1,0,1,"Based on the tweet, here's the extracted data:

**Area:** Multan to Vehari road

**Safety Issue:** None explicitly mentioned, but the request for an ""update"" implies there might be a concern or a situation that needs attention (e.g., traffic congestion, accident, or roadblock). Since there's no clear indication of a safety issue, I'll mark it as **Relevant**.

**Severity:** Unspecified, as there's no clear indication of the severity of the situation."
https://twitter.com/bitjunior798/status/1840598400560947328#m,Bkwas Hy sab multan to vehari road 10 Saal hogye hein khatam hwa para Lekin mjaaal Hy k Kuch kia ho roazana accident hotay hein,Asad Iqbal,0,0,0,"Here are the extracted details:

* Area: Unknown (not specified in the tweet), but likely a road in or around Vehari, Punjab, Pakistan.
* Safety Issue: Accident
* Severity: Medium to High (as accidents can have serious consequences)"
https://twitter.com/PTIOfficialUSA/status/1840507951481495670#m,"PROTEST • PROTEST • PROTEST  Important message for the people of Faisalabad, Mianwali, and Multan from Sheikh Waqas Akram. Come out to protect your rights, your mandate, your judiciary, your democracy!  Wednesday, October 2nd Faisalabad, Mianwali, and Multan  #احتجاج_تو_ہوگا",PTI USA Official,52,33,0,"Here are the extracted information:

* Area: Faisalabad, Mianwali, and Multan
* Safety Issue: Irrelevant (the tweet is calling for a protest, not reporting a safety issue)
* Severity: N/A (since there is no safety issue, severity cannot be determined)"
https://twitter.com/bonkichonky/status/1662781727830425606#m,"In 2015, Additional Secretary General of PML-N Punjab, Mian Sanaullah along with his colleagues, kidnapped a young girl from Multan Road Lahore and gang-raped her in a well-known and big hotel in Lahore.",bonky.chonky,171,125,2,"Here is the extracted information:

* Area: Lahore, Multan Road
* Safety Issue: Gang-rape (note: this is not an accident, fire, roadblock, or traffic/congestion incident, but rather a serious crime)
* Severity: High (due to the severity and nature of the crime)"
https://twitter.com/Zolixco/status/1840285380819726537#m,"Let’s connect and make it happen! 📷 Visit: zolix.co 📷 Office #43, Crystal Arcade, Old Kutchery Road, Multan, Pakistan 📷 Call: +92 322 2205444 📷 Email: [email protected] #zolix #business #creativity #innovation #growth #socialmediamanagement #SMM",Zolix,0,0,0,"Here are the extracted information:

**Area**: None (tweet appears to be a business promotional tweet)

**Safety Issue**: None (No mention of any potential safety issue)

**Severity**: N/A (Since there is no safety issue, severity cannot be determined)

Note: The tweet does not contain any information related to safety issues or accidents, so I marked the safety issue as ""None"" and the severity as ""N/A""."
https://twitter.com/hassansabirali/status/1840058861325365502#m,I don't know why you said that about Multan. Multan has great road infrastructure as well as great facilities. In terms of hotel management it's @TheRealPCB fault. There are multiple top notch hotels for international fans but miscommunication and ambiguous messages by management,Hassan Bin Sabir,1,0,0,"Here are the extracted information:

* Area: Multan (specifically, the road infrastructure and hotel management)
* Safety issue: None (there is no mention of a specific safety issue such as an accident, fire, or roadblock)
* Severity: Irrelevant (since there is no clear safety issue mentioned)"
https://twitter.com/ITaimoorReal/status/1840019995557867698#m,Chuthiye is st next jalsa multan me tga jis ki host PPP the PTI ny roka tha or Jalsa road par howa tha. Isi doran Raiwind Ijtama howa tha.,Boota Misttri,9,4,3,"Unfortunately, the tweet is in a language that I don't understand (Punjabi?). However, I can try to extract the information you requested by analyzing the text.

**Area:** Multan (a city in Pakistan)

**Safety issue:** Jalsa (public gathering) on a road, which could potentially lead to a safety issue such as congestion, accidents, or uncontrolled crowd movement.

**Severity:** Medium to High (as a Jalsa on a road could lead to a range of safety issues, from minor inconvenience to serious accidents or injuries)

Please note that the severity classification is subjective and may vary depending on the context and specific circumstances of the event."
https://twitter.com/Zolixco/status/1839922997437579402#m,"Contact us Now! 📷 Visit us: zolix.co 📷 Office # 43 Crystal Arcade, Old Kutchery Road, Multan, Pakistan 📷 +92 322 2205444 📷 [email protected] #MobileMarketing #CustomerEngagement #Zolix #BrandAwareness",Zolix,1,0,0,"Here are the extracted information:

* Area: Multan, Pakistan
* Safety issue: None (no clear safety issue mentioned)
* Severity: Irrelevant

Note that there is no mention of any safety issue or incident in the tweet, so I marked the safety issue as ""None"" and the severity as ""Irrelevant""."
https://twitter.com/Malikzain373/status/1839873864756576411#m,Tumhy is qatil ka background pta hy? Zaara chk krna Shalimar express murders likh kr. Ye Sala koi or bus chlny nhi deta jhang or Multan k gt road route p jitna bara gunda utna bra youtheion ka peer,Muhammad Zain Malik,1,0,0,"Here are the extracted information:

**Area:** Shalimar express, GT Road route in Jhang and Multan

**Safety issue:** Murder (Shalimar express murders)

**Severity:** High"
https://twitter.com/shameenpti/status/1838622657635586068#m,A girl Minahil died in Mian Nawaz Sharif agriculture university Multan in a university bus accident. This is the body of the dead girl placed on road like this for hours in this heat and not returning the body to parents to get them sign the papers so they cannot file case against university. Please raise voice for Minahil   They University bus not only killed the girl but thats how they desecrated her deadbody.   #JusticeForMinahil #عدلیہ_بچاؤ_ملک_بچاؤ,Shameen,34,36,5,"Here are the extracted information:

* Area: Mian Nawaz Sharif agriculture university, Multan
* Safety issue: University bus accident
* Severity: High (due to the fatality and desecration of the dead body)"
https://twitter.com/1Shifa/status/1839686415581315116#m,Iski badmashi chalti hai Jhang Multan road py. Shalimar k ilawa kisi bhi bus ko iss route py chalny ni deta yeh agar koi company aaey bhi to uski bus ka accident karwa dia jata hai. Iski badmashi khatam karwao please.,Shifa Ur Rahman,1,0,0,"Here are the extracted details:

* Area: Jhang Multan road py (specifically, Shalimar)
* Safety issue: Accident
* Severity: Moderate to High (accident is a clear safety issue with potential harm to people)

Note: The tweet implies that buses are not allowed on this route and that the bus would be made to be in an accident, which suggests a deliberate act, indicating a moderate to high severity."
https://twitter.com/ZuaidJunejo1/status/1451165062593490951#m,"Lahore Multan Road Terrible explosion in a beverage factory . The boiler exploded Terrible blast shakes, 2 killed, more deaths expected  . May ALLAH PAK Bless all . #LahoreBlast",Zuaid Junejo,282,112,17,"Here are the extracted details:

* **Area:** Lahore Multan Road
* **Safety Issue:** Boiler explosion at a beverage factory (accident)
* **Severity:** High (2 people killed, with more deaths expected, indicating a significant and serious incident)

Note that the tweet does not mention a specific traffic or congestion issue, so I didn't mark the severity as low."
https://twitter.com/Zolixco/status/1839560612029854197#m,"Let’s connect and make it happen! 📷 Visit: zolix.co 📷 Office #43, Crystal Arcade, Old Kutchery Road, Multan, Pakistan 📷 Call: +92 322 2205444 📷 Email: [email protected] #zolix #business #creativity #innovation #growth #socialmediamanagement #SMM",Zolix,0,0,0,"Here are the extracted information:

* Area: Multan, Pakistan
* Safety Issue: Relevance (there is no clear safety issue mentioned in the tweet)
* Severity: Irrelevant"
https://twitter.com/hasnainakram178/status/1839539744113356901#m,Multan to vehari road madam pls update pls bout Noksan ho rha hay ass road pa ap ik chakher to liga k dikha ass road pa bout umead hay ap sa pls agr ap na ass bar ya road naih binya to koe or gorvment naih banye ge pls help Mina bout msg kiya hay likan muja ik msg ka reply naih a,Hasnain Akram,1,0,0,"Here's the extracted information:

* Area: Multan to Vehari road
* Safety issue: Noksan (obstruction or blockade) on the road
* Severity: Medium to High (depending on whether there's an actual obstruction, if it's causing traffic congestion or accidents, and if the authorities are able to respond promptly)

Note: The severity could potentially be adjusted to Low if the ""Noksan"" is referring to a traffic congestion or bottleneck, but without more context or clarification, it's difficult to determine the exact nature of the obstruction."
https://twitter.com/MaikNomi/status/1839535900683878648#m,Multan ko kch ni milna ye south punjab kaha jye jaha ak vihari road be ni bn pa raha,nomi maik,0,0,0,"Here's what I extracted:

**Area:** Multan

**Safety Issue:** Road not being built/construction not progressing

**Severity:** Low

The tweet mentions ""vihari road"" which is a road under construction, and expresses disappointment that it's not being built. This suggests a safety issue related to traffic or congestion, which I've marked as low severity since it's more of an annoyance than a serious hazard."
https://twitter.com/Saqlain_alvi7/status/1838986873580237258#m,"A tragic accident at Mian Nawaz Sharif Agriculture University, Multan, took the life of 21-year-old Minahil. Her body was left on the road for hours, and her family was pressured to sign papers to silence their pursuit of justice. This must stop! #JusticeForMinahil",Saqlain Alvi,13,10,1,"Here are the extracted information:

* Area: Mian Nawaz Sharif Agriculture University, Multan
* Safety Issue: Accident
* Severity: High

Note: The severity is marked as ""High"" because the tweet mentions a tragic accident that resulted in loss of life and the family being pressured to silence their pursuit of justice, implying that the incident had significant consequences."
https://twitter.com/HazaraZubair/status/1839306933423190326#m,"My take  for @BBCUrdu Student killed in #Multan university bus accident: 'Body remained on road for hours, moved to hospital Only After Student Protest #JusticeForMinahil https://www.bbc.com/urdu/articles/ce3w9j373gxo",Mohammad Zubair Khan,3,2,0,"Here are the extracted information:

* **Area**: Multan, Pakistan
* **Safety Issue**: Bus accident
* **Severity**: High (as it leads to the death of a student and required hospitalization)

Note: The severity is marked as High because the accident resulted in a fatality and a student's body lying on the road for hours, indicating a serious and potentially traumatic incident."
https://twitter.com/ashesskhan/status/1839305534794850750#m,"Same for multan road Lahore, the trucks busses lights are above the divider! Cant even see the divider at night",AshesKhan ,3,0,1,"Here are the extracted information:

**Area:** Multan Road, Lahore

**Safety Issue:** Hazard due to poor visibility at night, which can lead to accidents or near-misses

**Severity:** Medium to High, as it's a safety concern that can potentially lead to serious injuries or fatalities if not addressed"
https://twitter.com/Zolixco/status/1839198219181633859#m,"Let’s connect and make it happen! 📷 Visit: zolix.co 📷 Office #43, Crystal Arcade, Old Kutchery Road, Multan, Pakistan 📷 Call: +92 322 2205444 📷 Email: [email protected] #zolix #business #creativity #innovation #growth #socialmediamanagement #SMM",Zolix,0,0,0,"There is no area, safety issue, or severity mentioned in this tweet. The tweet appears to be a promotional message for a business, providing contact information and a call to action to visit their website. There is no mention of a safety issue or any incident. Therefore, I would mark the safety issue as ""irrelevant"" and the severity as ""N/A""."
https://twitter.com/aspirin_bt_/status/1839151858432041165#m,A girl Minahil died in Mian Nawaz Sharif agriculture university Multan in a university bus accident. This is the body of the dead girl placed on road like this for hours in this heat and not returning the body to parents to get them sign the papers so they cannot file case,Aspirin(LQ🖤🇵🇰),1,0,1,"Here are the extracted information:

* Area: Mian Nawaz Sharif agriculture university Multan
* Safety issue: University bus accident
* Severity: High (a bus accident resulting in a fatality is a serious incident)"
https://twitter.com/Ali96611Ali/status/1839139244884853159#m,Plzzzz Mam #JusticeForMinahil  Multan University K Baher Road Accident Bus Ki Takar Se Intaqal Hone Wali Bachi K LiYe Notice Laein Or Un Ko Insaf Milna Chahye...@MaryamNSharif,Zeeshan Ali,0,0,0,"Here are the extracted details:

**Area:** Multan University, Baher Road, Pakistan

**Safety Issue:** Bus accident

**Severity:** High

Note: The severity is marked as High as it appears to be a serious incident involving a bus accident, which can result in injuries or fatalities."
https://twitter.com/WardaMubeen08/status/1838590537248411747#m,Another life lost due to negligence. Heartbreaking news from Multan. When will authorities take road safety seriously on campus?  #justiceforminahil,Warda Mubeen,2,3,0,"Here are the extracted information:

* Area: Multan
* Safety issue: Accident (due to negligence on campus)
* Severity: Moderate to High (as it resulted in a loss of life)"
https://twitter.com/Iam_salmanshk/status/1838990293045318043#m,"A student, Minahil, lost her life in a tragic bus accident at MNS University of Agriculture, Multan. Her body left on the road in the heat for hours. This is not just negligence; it's inhumane. We demand accountability #JusticeForMinahil",Salman ✨️,0,0,0,"Here are the extracted information:

**Area:** MNS University of Agriculture, Multan

**Safety Issue:** Bus accident

**Severity:** High (accident resulting in loss of life)"
https://twitter.com/raafiah_/status/1838987963956347121#m,"MNSUA Multan's disregard for human life exposed. Minahil's body desecrated, left on road for hours. University's attempt to silence media & parents is unacceptable. We stand with Minahil's family! #JusticeForMinahil",رافعہ🦋,0,0,1,"Here are the extracted details:

**Area:** MNSUA Multan (a university in Multan)

**Safety Issue:** Desecration and abandonment of a body on the road, potentially related to a crime or medical issue (not specified)

**Severity:** High (due to the disturbing and unconventional manner in which the body was treated, which could lead to psychological trauma and shock for the family and community)"
https://twitter.com/Naveed_Ahmad_A/status/1838987639430734112#m,"A tragic accident at Mian Nawaz Sharif Agriculture University, Multan, took the life of 21-year-old Minahil. Her body was left on the road for hours, and her family was pressured to sign papers to silence their pursuit of justice. This must stop! #JusticeForMinahil",Ahمad says 15k,1,1,1,"Here are the extracted information:

**Area:** Mian Nawaz Sharif Agriculture University, Multan

**Safety Issue:** Tragic accident

**Severity:** High"
https://twitter.com/Hani_hon_yar/status/1838987524540088366#m,"Minahil's tragic death in MNS Agri Uni, Multan, exposes institutional cruelty. Leaving her body on the road for hours, refusing to return it to her family, is unacceptable. Demand justice, dignity, and accountability. #JusticeForMinahil",H A N I A _ N O O R,1,0,0,"Here are the extracted details:

* Area: MNS Agri Uni, Multan
* Safety issue: Institutional cruelty and mistreatment of a student's body
* Severity: High (due to the nature of the incident being a significant breach of dignity and human rights)

Note: Since there is no clear traffic or congestion related issue, the severity is marked as High."
https://twitter.com/Hani_hon_yar/status/1838987488427131091#m,"OUTRAGEOUS! Minahil, a student at Mian Nawaz Sharif Agri Uni, Multan, died in a university bus accident. Her body was left on the road for HOURS in the scorching heat, denied dignity even in death. Demand justice #JusticeForMinahil",H A N I A _ N O O R,7,1,2,"Here are the extracted information:

**Area:** Multan, Pakistan (specifically, Mian Nawaz Sharif Agri Uni)

**Safety Issue:** University bus accident

**Severity:** High (due to the severity of the accident, leaving the body on the road for hours, and the apparent lack of dignity or respect shown to the deceased)"
https://twitter.com/Zabi3_/status/1838987350929457617#m,"Heartbroken by the tragic death of Minahil at Mian Nawaz Sharif Agriculture University, Multan. Not only did a university bus take her life, but her body was left on the road in the heat for hours. Such disregard for life and dignity is unacceptable! #JusticeForMinahil",JahanZaib,0,0,1,"Here are the extracted information:

**Area:** Mian Nawaz Sharif Agriculture University, Multan

**Safety Issue:** Bus accident (specifically, a university bus)

**Severity:** High (due to the fatality and the fact that the body was left on the road in the heat for hours, indicating a lack of emergency response or respect for the deceased person)

Note that I marked the severity as High since it is a serious incident resulting in a fatality, and the circumstances surrounding the incident suggest a lack of proper response and respect for the deceased person."
https://twitter.com/itx_marshmello/status/1838987339806163168#m,"A student, Minahil, lost her life in a tragic bus accident at MNS University of Agriculture, Multan. Her body left on the road in the heat for hours. This is not just negligence; it's inhumane. We demand accountability #JusticeForMinahil",Eeeqa🦋,0,0,1,"Here are the extracted information:

* Area: MNS University of Agriculture, Multan, Pakistan
* Safety issue: Bus accident
* Severity: High"
https://twitter.com/asthetic_hun/status/1838987189356478894#m,"A student, Minahil, lost her life in a tragic bus accident at MNS University of Agriculture, Multan. Her body left on the road in the heat for hours. This is not just negligence; it's inhumane. We demand accountability #JusticeForMinahil",🥀,1,0,2,"Here are the extracted information:

* Area: MNS University of Agriculture, Multan, Pakistan
* Safety Issue: Bus accident
* Severity: High (loss of life and neglect of the victim's body for hours)"
https://twitter.com/Cheifkat23/status/1838987189075460571#m,"A tragic accident at Mian Nawaz Sharif Agriculture University, Multan, took the life of 21-year-old Minahil. Her body was left on the road for hours, and her family was pressured to sign papers to silence their pursuit of justice. This must stop! #JusticeForMinahil",AQiB Majeed,0,0,0,"Here are the extracted information:

**Area:** Mian Nawaz Sharif Agriculture University, Multan

**Safety Issue:** Accident (tragic)

**Severity:** High"
https://twitter.com/komal_khan0/status/1838986916156293677#m,"A young girl, Minahil, tragically lost her life in a university bus accident at Mian Nawaz Sharif Agriculture University, Multan. Her body was left on the road for hours in the scorching heat. This is beyond heartless. #JusticeForMinahil",Komal 🦋,0,0,0,"Here are the extracted information:

* Area: Mian Nawaz Sharif Agriculture University, Multan, Pakistan
* Safety Issue: Bus accident
* Severity: High"
https://twitter.com/TufailKhanjdoon/status/1838986899123478884#m,"A student, Minahil, lost her life in a tragic bus accident at MNS University of Agriculture, Multan. Her body left on the road in the heat for hours. This is not just negligence; it's inhumane. We demand accountability #JusticeForMinahil",Tufail khan Jadoon,0,0,0,"Here are the extracted information:

* Area: MNS University of Agriculture, Multan
* Safety issue: Bus accident
* Severity: High

Note that the severity is marked as High because the tweet indicates that the student lost her life, which implies a serious and potentially fatal consequence of the accident."
https://twitter.com/engrfarhanmalik/status/1838927837736186347#m,"D H A Multan.. D sector 1 kanal plot for sale at investor rate near ring road, park and 80ft road……  for details: 0308-5065836",Farhan Malik,1,0,0,"Here is the extracted information:

* Area: D Sector, Multan
* Safety Issue: None (The tweet does not mention any safety issue or incident. It appears to be a real estate advertisement.)
* Severity: Irelevant (Since there is no mention of a safety issue or incident)"
https://twitter.com/ShaheerAlvi123/status/1838897719231820186#m,yahi haal narowal road pe bi hota hai .... masla ye hai k sub ko dosray ko nicha dikhana hai... even lahore mai multan road ka bura haal hai,Shaheer Alvi,0,0,0,"Here is the extracted information:

**Area:** Narowal Road, Lahore, and Multan Road

**Safety issue:** Blocking or obstructing the view of oncoming traffic (sub ko dosray ko nicha dikhana hai)

**Severity:** Low (assuming it's a traffic or congestion issue)

Note: The tweet mentions poor conditions on specific roads, but it doesn't explicitly mention an incident or accident. The stated issue is more related to traffic flow and congestion, which is a low-severity issue."
https://twitter.com/FanBabar_Afridi/status/1838859813394035109#m,Matches are in Multan bro  Not in Road pitches of Pindi or Karachi  But I hope Babar will score 2-3 centuries,Ejaz|Afridi-Babar🫶,0,0,0,"Here's the extraction:

* Area: Multan, Pindi, Karachi (referenced as cities)
* Safety issue: None mentioned (irrelevant)
* Severity: N/A (there is no safety issue mentioned)"
https://twitter.com/epicurus_5124/status/1838786684336402559#m,"@cmopunjabpk @MaryamNSharif @CS_Punjab @Marriyum_A   Here is the fourth mega corruption scandal in a road development project, involving XEN Punjab Highways Multan, Ghulam Nabi Rahmani, and others. #Corruption #Accountability #PunjabHighways #PublicFunds #Transparency",Epicurus,1,1,0,"Here are the extracted information:

* Area: Punjab Highways, Multan
* Safety Issue: Not relevant (no specific safety incident mentioned)
* Severity: N/A (no safety issue mentioned, so no severity level can be assigned)"
https://twitter.com/Zolixco/status/1838835829437059407#m,"Contact us Now! 📷 Visit us: zolix.co 📷 Office # 43 Crystal Arcade, Old Kutchery Road, Multan, Pakistan 📷 +92 322 2205444 📷 [email protected] #WebOptimization #DigitalMarketing #CustomerConversion #Zolix",Zolix,0,0,0,"There is no area, safety issue, or severity mentioned in this tweet. It appears to be a promotional message for a company, providing contact information and services offered. Therefore, I mark the safety issue as ""irrelevant"".

Here's the breakdown:

* Area: Not mentioned
* Safety issue: Irrelevant
* Severity: N/A"
https://twitter.com/Muhamma50236459/status/1838806676721537172#m,Punjab Me Bhi Hain dhaikhni ho to Vehari Multan road visit kar Zalil Insan,MuhammadHannan,1,0,0,"Here's what I extracted:

**Area:** Punjab (specifically, Vehari and Multan road)

**Safety Issue:** None explicitly mentioned, but may be implied as a warning against visiting the area. Assuming the ""dhaikhni"" meant ""dangerous"" or ""risky"", this could be a potential safety concern.

**Severity:** Since there is no clear safety issue mentioned, I'm marking it as **Irrelevant**. However, if we assume the ""dhaikhni"" meant a dangerous condition, I'd mark the **Severity** as **Medium**, as it's a warning against visiting a specific area without providing more context."
https://twitter.com/Shazia_JI/status/1838419074004484409#m,"Today (24 September,Tuesday) Ameer JI Hafiz Naeem ur Rehman sb will address Press Conference in Mansora Multan road Lahore at 11:15Am. Countdown is OVER #حق_دو_عوام_کو #ممبر_بنو_قوت_بنو #حافظ_نعیم_کا_ساتھ_دو",شاذیہ عبدالقادر 🇵🇸⚖️,7,6,0,"Here are the extracted information:

* Area: Multan road, Lahore
* Safety Issue: None mentioned, which means it's marked as Irrelevant
* Severity: N/A (since there is no safety issue mentioned)"
https://twitter.com/BSCPunjab/status/1838681902066085896#m,"Hamid Baloch S/O Khan Muhammad resident of Bludea kech & student of 7th Semester (Sociology), University of Sargodha has been abducted by LEAs from Bahdaur Shah Zafar road in front of Ibrahim hospital Sargodha District Punjab. We demand his immediate release. #ReleaseHamidBaloch","Baloch Students Council, Punjab",266,147,3,"Here are the extracted information:

**Area:** Bludea kech, Sargodha District, Punjab

**Safety Issue:** Abduction by Law Enforcement Agencies (LEAs)

**Severity:** High"
https://twitter.com/ahmadcma_/status/1838645353370771504#m,"A young girl's body lay on the road for three to four hours.A university( Muhammad Nawaz Shareef University of Agriculture, Multan) bus hit her, and the driver fled.The University of Agriculture Multan administration did not release the body until the father signed.@MaryamNSharif",Ahmad Chaudhary,0,0,0,"Here are the extracted information:

* **Area**: Multan, Muhammad Nawaz Shareef University of Agriculture (specific location not mentioned)
* **Safety Issue**: Road accident involving a university bus, resulting in the death of a young girl
* **Severity**: High (due to the severity of the accident and the driver's fleeing the scene)

Note: The severity would typically be marked as high for accidents involving bodily harm or death, especially when there is evidence of negligence or disregard for human safety."
https://twitter.com/omamakhokhar/status/1838588788311830897#m,Another life was lost due to negligence. Heart-breaking news from Multan. When will authorities take road safety seriously on campus?   #justiceforminahil   READ A THREAD (1),Omama Khokhar,3,2,1,"Here are the extracted details:

* **Area:** Campus, Multan
* **Safety issue:** Negligence leading to loss of life
* **Severity:** High (since it involves loss of life)

Note: Since the tweet doesn't explicitly mention the type of incident, I've marked the safety issue as ""negligence leading to loss of life""."
https://twitter.com/EymanZeena89247/status/1838579192977355020#m,Another life lost due to negligence. Heartbreaking news from Multan. When will authorities take road safety seriously on campus?  #JusticeforMinahil 798,Zeenat Eyman,2,2,1,"Here are the extracted information:

* Area: Multan
* Safety Issue: Accident (related to road safety)
* Severity: High (assuming it is a fatal accident, which is typically considered high-severity)"
https://twitter.com/Zolixco/status/1838473444805218409#m,"Need a logo for your business? Get in touch with us today! 📷 Visit: zolix.co 📷 Office #43, Crystal Arcade, Old Kutchery Road, Multan, Pakistan 📷 Call: +92 322 2205444 📷 Email: [email protected] #zolix #business #creativity #innovation #growth #logodesign",Zolix,0,0,0,"There is no safety issue mentioned in this tweet. The tweet is an advertisement for a logo design service, and it does not mention any safety concerns.

Area: Multan, Pakistan

Safety issue: Irrelevant

Severity: N/A"
https://twitter.com/msuhailgujjar/status/1838460582673948845#m,"I would like to bring to your attention that all tandoor owners at Pakka Mile Stop, Shahpur Kanjra, Multan Road, Lahore, have arbitrarily increased the",Muhammad Sohail,0,0,2,"Here are the extracted information:

* Area: Pakka Mile Stop, Shahpur Kanjra, Multan Road, Lahore
* Safety issue: Arbitrarily increased prices by tandoor owners (no clear safety issue)
* Severity: Irrelevant"
https://twitter.com/cwdpunjab/status/1824321413332771175#m,District Multan  Restoration of Earthen Berms on Qadirpur raan Luthar Road District Multan & planation in Green Belt of Multan Shujabad Road.,Communication And Works Department,2,0,0,"Here are the extracted information:

**Area**: District Multan, Punjab, Pakistan

**Safety Issue**: None mentioned explicitly, but the tweet mentions ""Restoration of Earthen Berms"" which could potentially cause inconvenience or roadblock, but it doesn't specify an accident or any other safety issue. Marked as **irrelevant**

**Severity**: N/A (since there is no clear safety issue)"
https://twitter.com/team_gilani/status/221724852908863490#m,"“@Fiza_Gilani: InshaAllah :)""@Mujeeb_Malik #WelcomeGilaniWelcome Whole Multan will WelcomeGilani sb frm QadirPur Raan to Ghous-ul-Azam Road",TeamGilani,0,2,0,"Here is the extraction:

* Area: Multan, Pakistan (specifically mentioned as QadirPur Raan and Ghous-ul-Azam Road)
* Safety issue: None mentioned (no clear safety concern)
* Severity: Irrelevant"
https://twitter.com/HKlaghari/status/221724375936806913#m,"“@Fiza_Gilani: InshaAllah :)""@Mujeeb_Malik #WelcomeGilaniWelcome  Whole Multan will WelcomeGilani sb frm QadirPur Raan to Ghous-ul-Azam Road",Hyder Khan Laghari,0,0,0,"There is no clear safety issue mentioned in the tweet. The tweet appears to be a welcoming message for someone named ""Gilani sb"" and mentions several locations in Multan. Therefore, I would mark the safety issue as ""irrelevant"".

Additionally, there is no area specified in the tweet, so I would leave that blank.

As there is no clear safety issue, I would mark the severity as ""irrelevant""."
https://twitter.com/Naya__Pakistan_/status/1839955078259847669#m,"⚠️ Roads Situation Rawalpindi/ Islamabad       Date: 28.09.2024     ▪️T Chowk Close.. ▪️26 Number Chungi  Close. ▪️Faizabad, Murree road Close from flyover. ▪️GT Road , Chakwal mor, Mandra, Gujjarkhan Close both sides. ▪️Murree Entrance/ Exit Near Sareena Chowk Close. ▪️Park road Islamabad. Close.  * City ▪️Kalima Chowk toward Dhoke sayyadan Close ▪️Kalima Chowk toward Tench Bhata Close ▪️Saddar Railway station one side  from MH mor signal Close ▪️Mandi mor toward Pirwadae Bus stand Close ▪️4th, 5Th, 6th road Close ▪️Dobble Road both sides Close ▪️Murree road toward Faizabad Close from shamsabad. ▪️Murree road Toward saddar Close from Naz Cinema ▪️Chandni Chowk sadiqabad  and comercial market both sides Close ▪️Murree road toward Marir chowk Close from Jhang building. ▪️Raja Bazar from Gawalmandi both Sides Close ▪️Liaqat bagh Chowk and China market  Close ▪️Marir Chowk Close ▪️Kacheri Chowk Open",Naya Pakistan,747,312,13,"Here are the extracted information:

**Area:** Rawalpindi, Islamabad ( multiple locations mentioned)

**Safety Issue:** Road closure, congestion (multiple road closures and blockages mentioned)

**Severity:** Medium to High (depending on the specific location and purpose of travel)"
https://twitter.com/AzraAnwar16/status/1839997184105750550#m,"⚠️ *Roads Situation Rawalpindi/ Islamabad*       *Date:* 28.09.2024     Updated at 07:00hrs  ▪️T Chowk *Close*. ▪️Rawat, Near PSO Pump *Open*. ▪️26 Number Chungi  *Close*. ▪️Bahtar/Brahman Interchange *Open* ▪️Motorway Islamabad Interchange *Open* ▪️Faizabad, Murree road *Close from flyover*. ▪️Sawan bridge, GT Road *Open*.  ▪️GT Road , Chakwal mor, Mandra, Gujjarkhan *Close both sides*. ▪️Murree Entrance/ Exit Near Sareena Chowk **Close**. ▪️Park road Islamabad. *Close*.  ** City* ▪️Kalima Chowk toward Dhoke sayyadan *Close* ▪️Kalima Chowk toward Tench Bhata *Close* ▪️Saddar Railway station one side  from MH mor signal *Close* ▪️Mandi mor toward Pirwadae Bus stand *Close* ▪️4th, 5Th, 6th road *Close* ▪️Dobble Road both sides *Close* ▪️Murree road toward Faizabad *Close* from shamsabad. ▪️Murree road Toward saddar *Close* from Naz Cinema ▪️Chandni Chowk sadiqabad  and comercial market both sides *Close* ▪️Murree road toward Marir chowk *Close* from Jhang building. ▪️Raja Bazar from Gawalmandi both Sides *Close* ▪️Liaqat bagh Chowk and China market  *Close* ▪️Marir Chowk *Close* ▪️Kacheri Chowk *Open*",Azra Anwar,1,2,0,"Here are the extracted information:

**Area**: Rawalpindi and Islamabad, Pakistan

**Safety Issue**: Road closures caused by unknown reasons, which may lead to congestion and potential traffic issues.

**Severity**: Medium to High, as the road closures may cause inconveniences and delays for commuters, but there is no indication of an immediate safety threat or emergency situation."
https://twitter.com/RealUmardraz/status/1839957818419405027#m,"⚠️ Roads Situation Rawalpindi/ Islamabad       Date: 28.09.2024     ▪️T Chowk Close.. ▪️26 Number Chungi  Close. ▪️Faizabad, Murree road Close from flyover. ▪️GT Road , Chakwal mor, Mandra, Gujjarkhan Close both sides. ▪️Murree Entrance/ Exit Near Sareena Chowk Close. ▪️Park road Islamabad. Close.  * City ▪️Kalima Chowk toward Dhoke sayyadan Close ▪️Kalima Chowk toward Tench Bhata Close ▪️Saddar Railway station one side  from MH mor signal Close ▪️Mandi mor toward Pirwadae Bus stand Close ▪️4th, 5Th, 6th road Close ▪️Dobble Road both sides Close ▪️Murree road toward Faizabad Close from shamsabad. ▪️Murree road Toward saddar Close from Naz Cinema ▪️Chandni Chowk sadiqabad  and comercial market both sides Close ▪️Murree road toward Marir chowk Close from Jhang building. ▪️Raja Bazar from Gawalmandi both Sides Close ▪️Liaqat bagh Chowk and China market  Close ▪️Marir Chowk Close ▪️Kacheri Chowk Open",Umardraz,5,3,1,"Here's the extracted information:

**Area:** Rawalpindi, Islamabad, Chakwal, Murree, Islamabad (various locations)

**Safety Issue:** Closure of roads, traffic congestion (no clear safety issue, but potentially hazardous)

**Severity:** Medium to High, depending on the location and blockage of roads, could lead to traffic jams, accidents, or difficulty in reaching destinations"
https://twitter.com/baynooma/status/1840016833803329627#m,"⚠️ *Roads Situation Rawalpindi/ Islamabad*       *Date:* 28.09.2024     Updated at 11:30 hrs  ▪️T Chowk *Close*. ▪️26 Number Chungi  *Close*. ▪️Faizabad, Murree road *Close from  ▪️GT Road , Chakwal mor, Mandra, Gujjarkhan *Close both sides*.",Bareezè,5,3,1,"Here are the extracted information:

**Area:** Rawalpindi, Islamabad

**Safety Issue:** Roads closed due to undefined reason (no specific incident mentioned)

**Severity:** Medium (since there is a closure of roads, which may impact traffic and movement of people, but the cause of the closure is not specified)

Note: I marked the severity as Medium because it is not a clear accident, fire, or roadblock, but rather a general closure, which may cause inconvenience to commuters. If more information about the cause of the closure became available, the severity might be reassessed."
https://twitter.com/AzraAnwar16/status/1839992512246693977#m,"⚠️ *Roads Situation Rawalpindi/ Islamabad*       *Date:* 28.09.2024     Updated at 07:00hrs  ▪️T Chowk *Close*. ▪️Rawat, Near PSO Pump *Open*. ▪️26 Number Chungi  *Close*. ▪️Bahtar/Brahman Interchange *Open* ▪️Motorway Islamabad Interchange *Open* ▪️Faizabad, Murree road *Close from flyover*. ▪️Sawan bridge, GT Road *Open*.  ▪️GT Road , Chakwal mor, Mandra, Gujjarkhan *Close both sides*. ▪️Murree Entrance/ Exit Near Sareena Chowk **Close**. ▪️Park road Islamabad. *Close*.  ** City* ▪️Kalima Chowk toward Dhoke sayyadan *Close* ▪️Kalima Chowk toward Tench Bhata *Close* ▪️Saddar Railway station one side  from MH mor signal *Close* ▪️Mandi mor toward Pirwadae Bus stand *Close* ▪️4th, 5Th, 6th road *Close* ▪️Dobble Road both sides *Close* ▪️Murree road toward Faizabad *Close* from shamsabad. ▪️Murree road Toward saddar *Close* from Naz Cinema ▪️Chandni Chowk sadiqabad  and comercial market both sides *Close* ▪️Murree road toward Marir chowk *Close* from Jhang building. ▪️Raja Bazar from Gawalmandi both Sides *Close* ▪️Liaqat bagh Chowk and China market  *Close* ▪️Marir Chowk *Close* ▪️Kacheri Chowk *Open*",Azra Anwar,0,0,0,"Here are the extracted information:

* Area:
	+ Rawalpindi
	+ Islamabad
	+ Chakwal
	+ Murree
	+ Sareena Chowk
	+ Islamabad Interchange
	+ GT Road, Chakwal mor, Mandra, Gujjarkhan
	+ Kalima Chowk, Dhoke sayyadan, Tench Bhata
	+ Saddar Railway station, MH mor signal
	+ Mandi mor, Pirwadae Bus stand
	+ 4th, 5th, 6th road
	+ Dobble Road
	+ Murree road, Faizabad, Shamsabad, Naz Cinema
	+ Chandni Chowk, Sadiqabad, Comercial market
	+ Murree road, Marir chowk, Jhang building
	+ Raja Bazar, Gawalmandi
	+ Liaqat bagh Chowk, China market
	+ Marir Chowk
	+ Kacheri Chowk
* Safety issue:
	+ Roads closed due to unknown reasons (multiple locations)
* Severity:
	+ Low (traffic congestion or road closure not related to accidents or other safety incidents)
	+ Since there is no clear indication of an accident, fire, or other incident, the severity is marked as low."
https://twitter.com/AzraAnwar16/status/1839990938120184113#m,"⚠️ *Roads Situation Rawalpindi/ Islamabad*       *Date:* 28.09.2024     Updated at 07:00hrs  ▪️T Chowk *Close*. ▪️Rawat, Near PSO Pump *Open*. ▪️26 Number Chungi  *Close*. ▪️Bahtar/Brahman Interchange *Open* ▪️Motorway Islamabad Interchange *Open* ▪️Faizabad, Murree road *Close from flyover*. ▪️Sawan bridge, GT Road *Open*.  ▪️GT Road , Chakwal mor, Mandra, Gujjarkhan *Close both sides*. ▪️Murree Entrance/ Exit Near Sareena Chowk **Close**. ▪️Park road Islamabad. *Close*.  ** City* ▪️Kalima Chowk toward Dhoke sayyadan *Close* ▪️Kalima Chowk toward Tench Bhata *Close* ▪️Saddar Railway station one side  from MH mor signal *Close* ▪️Mandi mor toward Pirwadae Bus stand *Close* ▪️4th, 5Th, 6th road *Close* ▪️Dobble Road both sides *Close* ▪️Murree road toward Faizabad *Close* from shamsabad. ▪️Murree road Toward saddar *Close* from Naz Cinema ▪️Chandni Chowk sadiqabad  and comercial market both sides *Close* ▪️Murree road toward Marir chowk *Close* from Jhang building. ▪️Raja Bazar from Gawalmandi both Sides *Close* ▪️Liaqat bagh Chowk and China market  *Close* ▪️Marir Chowk *Close* ▪️Kacheri Chowk *Open*",Azra Anwar,1,0,0,"Here are the extracted information:

**Area:**

1. Rawalpindi
2. Islamabad
3. Chakwal mor
4. Mandra
5. Gujjarkhan
6. Murree
7. Sareena Chowk
8. Park road
9. Kalima Chowk
10. Dhoke sayyadan
11. Tench Bhata
12. Saddar Railway station
13. Mandi mor
14. Pirwadae Bus stand
15. 4th, 5th, 6th road
16. Dobble Road
17. Murree road
18. Faizabad
19. Shamsabad
20. Naz Cinema
21. Chandni Chowk
22. Sadiqabad
23. Comercial market
24. Marir chowk
25. Jhang building
26. Raja Bazar
27. Gawalmandi
28. Liaqat bagh Chowk
29. China market
30. Kacheri Chowk"
https://twitter.com/fozisidd/status/1839954591695196378#m,"⚠️ Roads Situation Rawalpindi/ Islamabad       Date: 28.09.2024  ▪️T Chowk Close. ▪️Rawat, Near PSO Pump Open. ▪️26 Number Chungi  Close. ▪️Bahtar/Brahman Interchange Open ▪️Motorway Islamabad Interchange Open ▪️Faizabad, Murree road Close from flyover. ▪️Sawan bridge, GT Road *closed*  ▪️GT Road , Chakwal mor, Mandra, Gujjarkhan Close both sides. ▪️Murree Entrance/ Exit Near Sareena Chowk Close. ▪️Park road Islamabad. Close.  City ▪️Kalima Chowk toward Dhoke sayyadan Close ▪️Kalima Chowk toward Tench Bhata Close ▪️Saddar Railway station one side  from MH mor signal Close ▪️Mandi mor toward Pirwadae Bus stand Close ▪️4th, 5th, 6th road Close ▪️Dobble Road both sides Close ▪️Murree road toward Faizabad Close from shamsabad. ▪️Murree road Toward saddar Close from Naz Cinema ▪️Chandni Chowk sadiqabad  and comercial market both sides Close ▪️Murree road toward Marir chowk Close from Jhang building. ▪️Raja Bazar from Gawalmandi both sides close ▪️Liaqat bagh Chowk and China market  Close ▪️Marir Chowk Close ▪️Kacheri Chowk Open",Fauzia Siddiqui,23,10,1,"Here is the extracted information:

* Area: Rawalpindi, Islamabad, and surrounding areas (e.g. Chakwal, Mandra, Gujjarkhan, Sareena Chowk, Dhoke sayyadan, Tench Bhata, Pirwadae Bus stand, etc.)
* Safety Issues:
	+ Sawan bridge, GT Road: closed due to unknown reason (high severity)
	+ GT Road, Chakwal mor, Mandra, Gujjarkhan: closed both sides (traffic/congestion, low severity)
	+ Murree Entrance/ Exit Near Sareena Chowk: closed (traffic/congestion, low severity)
	+ Park road Islamabad: closed (traffic/congestion, low severity)
	+ Kalima Chowk toward Dhoke sayyadan, Kalima Chowk toward Tench Bhata, Saddar Railway station one side, Mandi mor toward Pirwadae Bus stand, 4th, 5th, 6th road, Dobble Road, Murree road toward Faizabad, Murree road Toward saddar, Chandni Chowk sadiqabad, comercial market, Murree road toward Marir chowk, Raja Bazar from Gawalmandi, Liaqat bagh Chowk and China market, Marir Chowk: closed due to unknown reason (high severity)
* Severity:
	+ High: Sawan bridge, GT Road
	+ Low: GT Road, Chakwal mor, Mandra, Gujjarkhan, Murree Entrance/ Exit Near Sareena Chowk, Park road Islamabad, Kalima Chowk toward Dhoke sayyadan, Kalima Chowk toward Tench Bhata, Saddar Railway station one side, Mandi mor toward Pirwadae Bus stand, 4th, 5th, 6th road, Dobble Road, Murree road toward Faizabad, Murree road Toward saddar, Chandni Chowk sadiqabad, comercial market, Murree road toward Marir chowk, Raja Bazar from Gawalmandi, Liaqat bagh Chowk and China market, Marir Chowk

Note: There is no clear safety issue marked as ""accident"", ""fire"", or ""roadblock"". The severity marked as ""low"" is related to traffic or congestion, while the severity marked as ""high"" is when the road is closed due to unknown reason."
https://twitter.com/fawadahmad493/status/1840436077422575795#m,M1 Motorway Islamabad to Peshawar was constructed in Parvez Musharraf Regime by the tax money of Pakistan.. M2 Lahore to Islamabad was constructed when Avenfield Apartments were bought in London. (kickbacks of Motorway),Imran Ahmad Khan,0,0,0,"Here are the extracted information:

* Area: M1 Motorway (Islamabad to Peshawar) and M2 Motorway (Lahore to Islamabad), Pakistan
* Safety Issue: Inapplicable (no specific safety issue mentioned)
* Severity: Inapplicable (no specific safety issue mentioned) or Low (it seems to be related to construction or road-building, not a specific safety issue)

Note: The tweet appears to be referring to corruption allegations and political controversies surrounding the construction of motorways in Pakistan, rather than a specific safety issue."
https://twitter.com/DaVisioners/status/1838963453819814096#m,M2 Motorway. Easy Access. Green Living. Da Visioners Associates Official Sale and Resale Partner of Airport Green Garden davisioners.com 03355246111 #AirportGreenGarden #DaVisionersAssociates #DaVisionersArcade1 #RDA #NOC #IslamabadAirport #M1M2 #5Marla #8Marla #10Marla,DaVisionersAssociates,0,0,0,"There is no safety issue or accident mentioned in this tweet. It appears to be a promotional tweet for a real estate agent and their partnership with Airport Green Garden. Therefore, I mark the safety issue as ""irrelevant"".

There is no specific area mentioned in the tweet, but the M2 Motorway is a highway in Pakistan that connects Islamabad and the twin cities of Rawalpindi and Islamabad. The tweet may be referring to plots or properties located along this motorway.

As no safety issue is mentioned, I mark the severity as ""N/A"" (not applicable)."
https://twitter.com/S_hamna9/status/1837439295314948591#m,Motorway M2 closed from Islamabad to Lahore to Islamabad.  Govt has lost the game. @unhr @BBCWorld @PTIofficial won @PTIOfficialLHR congratulations the nation has won without having the Jalsa even started,Patriot Pakistani,0,0,0,"Here are the extracted information:

* Area: Motorway M2 (from Islamabad to Lahore to Islamabad)
* Safety issue: Closure of the motorway (no specific safety issue mentioned, but it could be related to an accident, breakdown, or maintenance issue)
* Severity: Low to Moderate (as it's related to traffic/congestion, but could be impacting the mobility of a large number of people)"
https://twitter.com/abnnewspk/status/1837401005039731154#m,پی ٹی آئی جلسہ ،موٹروے  ایم ون اور ایم ٹو  بند،مسافروں کو شدیدمشکلات https://abnnews.pk/pakistan/139456/ #abnnews #Motorway #Police #Close #Sections #M1 #M2 #PTILahore,ABN NEWS,1,1,0,"Here are the extracted information:

**Area**: Motorway M1 and M2 (in Lahore)

**Safety Issue**: Roadblock/Band (sections of the motorway are closed)

**Severity**: Medium to High (not specifically mentioned, but the tweet suggests it might cause ""شدید مشکلات"" meaning ""severe difficulties"" for travelers)"
https://twitter.com/ThePakDaily/status/1837397854392144136#m,"Several sections of the motorway, including M2 and M1, have been closed due to the upcoming PTI rally in Lahore. #Pakistan #ImranKhan @PTIofficial @NHMPofficial https://thepakistandaily.com/motorway-sections-closed-due-to-pti-rally-in-lahore/",The Pakistan Daily,12,11,0,"* Area: M2 and M1 motorways, Lahore, Pakistan
* Safety issue: Closed motorway sections (potentially causing traffic congestion)
* Severity: Low (as the tweet mentions ""several sections"" being closed, which may cause some inconvenience but does not necessarily pose a significant safety threat)"
https://twitter.com/shaheryarhassan/status/1837357676877009361#m,"#Islamabad #Lahore #KP: Situation Update 10am #ChampAlertsOnTheGo  📌Due to #PTI jalsa at Kahna Sabzi Mandi today 3 to 6pm people are requested to avoid traveling on Motorway M2 & M1 as it is closed on multiple locations & people are getting stuck. 📌There is a checkpost created at Rawat which is causing traffic jam.  📌Near Kahna multiple road blocks reported on all connecting roads.  ⚠️With regard to our recent experiences, any delays in the JALSA timeline could lead to potentially tense situations. Therefore, please exercise caution in your travels. Road will be open after 10pm IA. #CAOTG #ChampAlertsOnTheGo",Shaheryar Hassan,7,0,0,"Here are the extracted information:

* Area: Multiple locations, including Motorway M2 & M1, Rawat, and Kahna Sabzi Mandi
* Safety issue: Traffic congestion, road blocks, and potential tense situations (due to delayed Jalsa timeline)
* Severity:
	+ Immediate concern: Low (traffic congestion and road blocks are likely to be frustrating, but not a serious safety issue)
	+ Long-term concern: Medium (potential tenseness and safety issues, but no clear threat of accidents or harm)"
https://twitter.com/mithrabangla/status/1836443724441952386#m,"There is no confusion at all, it is flood band being built to save many villages of district Hafizabad from erosion of river Chenab, It is same blame when motorway M2 was built from Islamabad-Lahore.",ایم ایم احمد,1,0,0,"Here are the extractions:

* Area: District Hafizabad, river Chenab
* Safety issue: Erosion of river Chenab (potential flood)
* Severity: Not clear, but potentially high (depending on the severity of the flood)"
https://twitter.com/Bhola143143/status/1834844947519877221#m,"M2, Lahore-Islamabad Motorway, Pakistan",Imran Shahzad,0,0,0,"Based on the tweet, I extract the following information:

* Area: M2, Lahore-Islamabad Motorway, Pakistan
* Safety issue: Relevance (it does not specify a specific issue, such as an accident, fire, or roadblock)
* Severity: Inconclusive (since there is no clear safety issue, it's difficult to determine severity)

Let me know if you'd like me to help with anything else!"
https://twitter.com/PakistanJannatt/status/1834804944135684372#m,"M2, Lahore-Islamabad Motorway, Pakistan",Pakistan Tourism,273,16,2,"Based on the tweet, here's what I've extracted:

* Area: M2, Lahore-Islamabad Motorway, Pakistan
* Safety issue: None explicitly stated (but it's likely related to traffic or congestion)
* Severity: Low (assuming it's a traffic or congestion issue)

Note: Without more information, it's difficult to determine if it's a specific incident like an accident, fire, or roadblock."
https://twitter.com/DaVisioners/status/1833686901439471731#m,Security is equal to peace. By Da Visioners Associates Official Sales and Resales Partners of Airport Green Garden https://wa.me/+923355246111 davisioners.com #DaVisionersAssociates #TopCity1 #RDA #Islamabad #Rawalpindi #IslamabadInternationalAirport #Motorway #M1 #M2,DaVisionersAssociates,0,0,0,"Based on the tweet, I can extract the following information:

* Area: Islamabad, Rawalpindi, and Airport Green Garden (appears to be a location related to Islamabad International Airport)
* Safety issue: None mentioned (tweet appears to be promotional in nature, mentioning a sales and resale company)
* Severity: Irrelevant (no clear safety issue or incident mentioned)

Note that since there is no mention of a safety issue, the severity is marked as irrelevant."
https://twitter.com/Awan_Sahib1/status/1832785323820015999#m,"When M2 motorway will be open for public, doctors refer my wife to Islamabad hospitals",Kamran Awan,0,0,0,"Based on the tweet, I extract the following information:

* Area: M2 motorway
* Safety issue: No clear safety issue, but it implies that patients may face difficulties in reaching hospitals due to the motorway not being open, which could lead to delays in medical care.
* Severity: Irrelevant (there is no clear incident or safety issue that fits one of the categories I listed earlier)

Note that the tweet primarily expresses frustration and concern about the closing of the M2 motorway and its impact on medical care, but does not explicitly mention a specific safety issue."
https://twitter.com/sociallyazum/status/1832756957389684846#m,25 Hazar Kharab Bande Is Time M2 Motorway Pe Hain. 200 Crore Ko Airbus A320 Se Islamabad Lejaya Jaara Hai.,Azum,0,0,0,"Here are the extracted information:

* Area: M2 Motorway (specifically, the Hazar Kharab Bande area)
* Safety Issue: None mentioned specifically, but it seems to be related to transportation (airbus A320 and Islamabad) and could be potentially referring to an accident or incident
* Severity: Low (assuming it's related to traffic or congestion, but without clear information, it's difficult to determine the severity)"
https://twitter.com/TheBabaYaga99/status/1832691986337325099#m,I live in Lahore and very near to M2 motorway. Around 5am I was coming home and I saw that this fascist Punjab Gov had started to block the entry points of Islamabad Motorway with containers and unnecessary police check points.  Democracy is dead.  😑 Fascism at its Peak. 😊,Ali Mahbub,0,0,0,"Here's the extraction:

* Area: Lahore, Punjab, Pakistan (specifically near the M2 motorway)
* Safety Issue: Roadblock/unnecessary police checkpoints
* Severity: Low (related to traffic/congestion, no specific hazard or accident reported)

Note that the tweet is more of an expression of frustration and political commentary rather than a specific report of a safety issue."
https://twitter.com/hamzata70377178/status/1832614131251183853#m,The routes which were given in the noc are open lahore via motorway M2 Peshawar and kpk from M1,Hamza tanveer pti,0,0,0,"Area: Open roads, specifically:

* Lahore via M2
* Peshawar and KPK from M1

Safety issue: None mentioned explicitly, but information about open routes could potentially relate to traffic or congestion, which could be considered a safety issue in certain circumstances.

Severity: Low (assuming the safety issue is related to traffic or congestion)"
https://twitter.com/ProPakistaniPK/status/1840709174147023251#m,"Toll tax has been increased on Islamabad-Peshawar  Motorway (M1), Lahore-Abdul Hakeem Motorway (M3), Pindi Bhattian-Faisalabad-Multan Motorway (M4), Multan-Sukkur Motorway (M5), D.I. Khan-Hakla Motorway (M14), and the Mansehra Expressway.  Read More:  https://propakistani.pk/2024/09/30/nha-increases-toll-tax-on-motorways-and-highways/ #TollTax #NationalHighwayAuthority #Motorway #Highway",ProPakistani,0,0,0,"Here are the extracted information:

**Area:** Islamabad-Peshawar Motorway (M1), Lahore-Abdul Hakeem Motorway (M3), Pindi Bhattian-Faisalabad-Multan Motorway (M4), Multan-Sukkur Motorway (M5), D.I. Khan-Hakla Motorway (M14), and the Mansehra Expressway.

**Safety Issue:** None mentioned. This tweet is related to an announcement about toll tax increase, no safety issue is reported.

**Severity:** Irrelevant (as there is no safety issue mentioned in the tweet)"
https://twitter.com/Zargoonaa/status/1822870917904560300#m,"Attention please..!!! 🧵  My family has recently travelled to Lahore on M3 motorway & somewhere near Nankana Sahib,Sheikhupura they saw a lot of turtles crossing the road as there are peddy fields around & everyone brutally just killed em under the tyre of their vehicles",Monna Naseer🌚💓☕,9,1,3,"Here are the extracted information:

**Area:** Lahore, M3 motorway, Nankana Sahib, Sheikhupura

**Safety Issue:** Injury or killing of turtles by being run over by vehicles

**Severity:** High (as it is causing harm or death to animals)"
https://twitter.com/razasyed079/status/1822018234968895650#m,Lahore - Abdul Hakim Motorway M3 ❤️.With the help of M3 we were able to reach lahore on time for my sister interview,Syed Raza Ali Bukhari,9,0,1,"Here is the extracted information:

* Area: Lahore
* Safety issue: None (relevant issue not mentioned)
* Severity: Irrelevant"
https://twitter.com/HumairIqbal1/status/1813985514921283612#m,"The Link Road which connects the Super Highway M9 to the National Highway N5, is located in the north -eastern suburbs of Karachi near Kathore at a distance of about 15km from the Toll Plaza on Karachi. All most done.",SMT PPP Thatta Humair Iqbal,9,9,0,"Here is the extracted information:

* Area: Link Road, connecting the Super Highway M9 to the National Highway N5, located in the north-eastern suburbs of Karachi, near Kathore.
* Safety issue: NA (Not Available) - There is no clear safety issue mentioned in the tweet.
* Severity: NA (Not Available) - Since there is no clear safety issue, the severity cannot be determined."
https://twitter.com/AliyaMalik49532/status/1812143240633524321#m,"The Link Road which connects the Super Highway M9 to the National Highway N5, is located in the north -eastern suburbs of Karachi near Kathore at a distance of about 15km from the Toll Plaza on Karachi. All most done. @sindhinfodepart @BBhuttoZardari @CMSindh",Aliya Malik PPP🇱🇾,0,0,0,"Here are the extracted information:

* Area: The Link Road, north-eastern suburbs of Karachi, near Kathore
* Safety Issue: Irrelevant (no mention of accident, fire, roadblock, or any other incident)
* Severity: N/A (since there is no safety issue mentioned)"
https://twitter.com/SOHAILAHMEDJA14/status/1811828365944586363#m,"The Link Road which connects the Super Highway M9 to the National Highway N5, is located in the north -eastern suburbs of Karachi near Kathore at a distance of about 15km from the Toll Plaza on Karachi. All most done.",Sohail Ahmed,0,0,0,"Area: Karachi, specifically the north-eastern suburbs near Kathore

Safety issue: None mentioned

Severity: Low"
https://twitter.com/jamari_pir/status/1811820668805087307#m,"The Link Road which connects the Super Highway M9 to the National Highway N5, is located in the north -eastern suburbs of Karachi near Kathore at a distance of about 15km from the Toll Plaza on Karachi. All most done. @sindhinfodepart @BBhuttoZardari @CMSindh",SMT PPP Thattaℹ(PirBux Jamali),12,11,0,"Here are the extracted information:

* Area: The Link Road, Karachi, near Kathore (approximately 15km from the Toll Plaza on Karachi)
* Safety Issue: None mentioned explicitly (no clear indication of a safety issue such as an accident, fire, or roadblock)
* Severity: Low (tweet mentions that the ""all most done"", implying that it's related to construction or infrastructure completion, which is likely to have a low impact on road safety)"
https://twitter.com/hshakeem65/status/1771847218237985086#m,"Barrister Sb, Gujranwala Lahore section of N5 is National Highway, not a provincial road.",Hassan S Hakeem,2,0,1,"Based on the tweet, the extracted information is:

Area: Gujranwala Lahore section of N5

Safety Issue: Irrelevant (no mention of any safety issue)

Severity: N/A (since there is no safety issue mentioned)"
https://twitter.com/Asimkhanalizai/status/1766867672652812747#m,"By the way national highway n5 was also built by PMLN, it used to be a single road from Peshawar to Karachi, who converted this into dual row-dual carriageway. Who brought highway police. Who built airports? Chairlifts in Muree and Ayubia were also done by Nawaz Sharif, Pindi stadium main ja kar niazi ky Narey lagain sy pehly yee bhi pata kar lain ky Pindi Cricket stadium bhi Nawaz Sharif ny banwaya tha. Aur jis fiber optic ka internet use kar ky usey galiyan nikaltey hain vo bhi usi ny porey mulk main ly karwai theen. We didn’t have phone lines apart from major cities, people used to go to big cities to make to receive calls. Nawaz Sharif got Phone Booth’s installed on every street corner.   Also PMLN 1st and 2nd governments were only 2.5 years long and their legs were always pulled from here and there no one ever allowed them to freely serve the country. Yet they built everything under all that pressure.   This nation is u grateful, they don’t deserve anything, apart from castles built in the air by niazi.   Itney Ghairaat hy tu sab kuch haram kar lain apney app py.",Asim Khan,0,0,0,"Here are the extracted information:

**Area**: National Highway N5 from Peshawar to Karachi, Pindi Cricket Stadium, Muree, Ayubia, and major cities in Pakistan

**Safety Issue**: None explicitly mentioned. However, the tweet does mention that ""highway police"" were brought, which could imply a safety improvement.

**Severity**: Relevance (since there is no clear safety issue, it's marked as irrelevant)"
https://twitter.com/ENabi18700/status/1719361942719025622#m,"Bhai, Popular Textile Factory has left sewerage water on N5 National Highway near Landhi Jail causing thereby severe traffic obstruction and public nuisance. Please talk to Commissioner Karachi and DC Malir to visit it and take remedial measures n action against Popular Factory.",Ghulam e Nabi,1,0,1,"Here are the extracted information:

* Area: N5 National Highway near Landhi Jail
* Safety issue: Public nuisance and severe traffic obstruction (related to traffic congestion)
* Severity: Low"
https://twitter.com/ENabi18700/status/1682812386179268608#m,News Major power break down since 12.00 pm noon in the area of IBC Bin Qasim Malir Karachi. People have started agitation against K Electric and announced to block National Highway N5 adjacent between Qasim Textile and Popular Textile Mill tonight if electricity is not restored.,Ghulam e Nabi,0,0,1,"Here are the extracted information:

* Area: IBC Bin Qasim Malir Karachi
* Safety issue: Blockage of National Highway N5 (potential road congestion)
* Severity: Medium (high impact on traffic and daily activities, but not an emergency or life-threatening situation)"
https://twitter.com/ENabi18700/status/1682810976595312642#m,News  Major power break down since 12.00 pm noon till now in area IBC Bin Qasim Malir Karachi. People have started agitation against K Electric and announced block National Highway N5 adjacent between Qasim Textile and Popular Textile Mill tonight if electricity is not restored.,Ghulam e Nabi,0,0,1,"Here is the extracted information:

* Area: IBC Bin Qasim Malir Karachi
* Safety issue: Blockage of National Highway N5 (announced as a protest by the public if electricity is not restored)
* Severity: Medium to High (as it involves a blockage of a major highway, which may cause inconvenience and disruption to traffic)"
https://twitter.com/Bhatties68/status/1628730536587046912#m,National Highway Motorway Police Beat Name : N5 Central (GT Road Beat-12) Challaning officer : Asif Ayub Belt No : S-851 The challan was made and a local man was collecting the challan and taking the money. 1/3 👇 @NHMPofficial @ctplahore @ccpolahore,Muhammad Hamza Ali Bhatti,6,3,2,"Here are the extracted information:

**Area:** N5 Central, GT Road, Beat-12 (location in Pakistan)

**Safety Issue:** Corruption (bribes being taken by a challan collector)

**Severity:** High (as corruption can lead to reckless driving, accidents, and unfair law enforcement)"
https://twitter.com/iahmedkhan/status/1610366215830003713#m,"Conduct an operation on Lahore Gujranwala section of National Highway N5 there are multiple factories, motor vehicles, trucks & busses that are in violation. Unfortunately tweeting stuff isn't going to help much.",Ahmed Khan,0,0,0,"Here are the extracted information:

* Area: Lahore Gujranwala section of National Highway N5
* Safety issue: Vehicles and factories in violation (no specific incident mentioned, but suggests a potential hazard)
* Severity: Medium (as it suggests a non-specific hazard, but not a severe incident like an accident or fire)"
https://twitter.com/SohailAbbasiSuk/status/1605951043849752576#m,"Jee dushwari hai specially Sukkur aur uske sarroundibg areas main during loadshedding timings. Kabhi kabhi Karachi main aur National Highway N5, M9 par bas bilkul farigh service hai @Zongers ki",Muhammad Sohail,1,0,1,"Here are the extracted information:

* Area: Sukkur and its surrounding areas, Karachi, and National Highway N5 and M9
* Safety issue: Loadshedding (power outages) during specific timings leading to difficulty in services (Zongers, likely referring to a cellular service provider)
* Severity: Low (assuming it's related to traffic or congestion issues caused by the power outages)

Note that there is no clear specific safety issue like an accident, fire, or roadblock, so I marked it as a safety issue related to traffic or congestion, which would be of low severity."
https://twitter.com/ali___khan/status/1588953728719077377#m,N5 National Highway linking Karachi with Lahore is completely blocked near Rahimyar Khan. Zero traffic,Ali Khan,0,0,1,"Here's the extracted information:

* Area: N5 National Highway near Rahimyar Khan
* Safety issue: Roadblock (due to complete blockage of the highway)
* Severity: Low (since there is no mention of an accident, fire, or any other hazardous incident, the severity is marked as low, related to traffic congestion)"
https://twitter.com/TahirMalikPk/status/1553971333570117633#m,"Multan to Bahawalpur National Highway(N5),Bastimalook chowk distt Multan Punjab Pakistan.",Tahir Malik,0,0,0,"Based on the tweet, here's what I can extract:

* Area: Multan to Bahawalpur National Highway(N5), Bastimalook chowk, distt Multan, Punjab, Pakistan
* Safety issue: None mentioned (irrelevant)
* Severity: N/A (since there is no safety issue mentioned)"
https://twitter.com/TahirMalikPk/status/1553970313469239296#m,"Main National Highway(N5),Multan to Bahawalpur:  BastiMalook chowk distt Multan.",Tahir Malik,0,0,0,"Based on the tweet, here are the extracted information:

* Area: Main National Highway (N5), Multan to Bahawalpur, specifically BastiMalook chowk district Multan.
* Safety Issue: None mentioned explicitly, but it could be interpreted as a potential safety issue since it's a highway and there is no mention of a normal traffic flow. However, since there is no clear indication of an accident, fire, roadblock, or other incident, I mark it as: Irrelevant.
* Severity: Not applicable (since there is no clear safety issue). If I had to assume a potential traffic congestion or traffic issue, I would mark the severity as: Low."
